X1,X2,X3,X4,X5,X6,latitude,longitude
八斗子海濱,25°08'37.0"N 121°47'58.6"E,基隆市,中山區,"25.143623, 121.799603",基隆市中正區八斗子,25.143623,121.799603
基隆港,25°08'20.1"N 121°45'03.2"E,基隆市,中正區,"25.138918, 121.750880",基隆市中正區,25.138918,121.75088
望幽谷,25°08'45.6"N 121°47'51.1"E,基隆市,中正區,"25.146003, 121.797514",基隆市中正區八斗子,25.146003,121.797514
和平島,25°09'29.0"N 121°46'05.0"E,基隆市,中正區,"25.158066, 121.768055",基隆市中正區平一路360號,25.158066,121.768055
海門天險,25°08'20.3"N 121°45'23.2"E,基隆市,中正區,"25.138957, 121.756437",基隆市中正區壽山路,25.138957,121.756437
基隆中正公園,25°07'59.9"N 121°45'02.3"E,基隆市,中正區,"25.133298, 121.750641",基隆市中正區壽山路,25.133298,121.750641
外木山海岸,25°09'50.0"N 121°43'13.3"E,基隆市,中正區,"25.163888, 121.720352",基隆市中山區湖海路一段,25.163888,121.720352
碧砂漁港,25°08'41.2"N 121°47'08.1"E,基隆市,中正區,"25.144775, 121.785582",基隆市中正區北寧路211號,25.144775,121.785582
基隆廟口小吃,25°07'43.2"N 121°44'35.0"E,基隆市,仁愛區,"25.128678, 121.743063",基隆市仁愛區仁三路和愛四路,25.128678,121.743063
富民親水公園(瑪西桐花步道),"25°7'59.56"",121°40'25.57""",基隆市,七堵區,"25.133222, 121.673778",基隆市七堵區瑪陵坑大華三路,25.133222,121.673778
七堵鐵道紀念公園(舊七堵火車前站),"25°5'50.64"",121°42'57.46""",基隆市,七堵區,"25.097389, 121.715972",基隆市七堵區光明路23號,25.097389,121.715972
陽明海洋文化藝術館,"25°7'57.61"",121°44'23.96""",基隆市,仁愛區,"25.132667, 121.740000",基隆市仁愛區港西街4號,25.132667,121.74
基隆廟口夜市,"25°7'41.41"",121°44'36.56""",基隆市,仁愛區,"25.128167, 121.743500",基隆市仁愛區仁三路和愛四路,25.128167,121.7435
白米甕砲台,"25°9'19.69"",121°44'32.93""",基隆市,中山區,"25.155472, 121.742472",基隆市中山區太白里光華路37巷,25.155472,121.742472
仙洞巖,"25°8'41.03"",121°44'54.60""",基隆市,中山區,"25.144722, 121.748500",基隆市中山區仙洞里,25.144722,121.7485
獅球嶺隧道(劉銘傳隧道),"25°7'30.90"",121°43'54.23""",基隆市,安樂區,"25.125250, 121.731722",基隆市安樂區鶯歌里八德路81號,25.12525,121.731722
獅球嶺砲台,"25°7'27.59"",121°43'57.47""",基隆市,安樂區,"25.124333, 121.732639",基隆市仁愛區獅球路48巷,25.124333,121.732639
靈泉禪寺,"25°6'58.36"",121°45'49.64""",基隆市,信義區,"25.116222, 121.763778",基隆市信義區六和路1號,25.116222,121.763778
基隆碧砂漁港,"25°8'44.16"",121°47'9.38""",基隆市,中正區,"25.144775, 121.785582",基隆市中正區北寧路211號,25.144775,121.785582
槓子寮砲台,"25°8'31.99"",121°47'12.95""",基隆市,信義區,"25.142222, 121.786944",基隆市信義區與中正區交界,25.142222,121.786944
九份,"25°6'35.68"",121°50'42.79""",新北市,瑞芳區,"25.109917, 121.845222",新北市瑞芳區豎崎路、輕便路、基山街等區域,25.109917,121.845222
黃金博物園區,"25°6'28.94"",121°51'28.58""",新北市,瑞芳區,"25.108028, 121.857944",新北市瑞芳區金爪石金光路8號,25.108028,121.857944
金瓜石,"25°6'3.28"",121°51'16.06""",新北市,瑞芳區,"25.100917, 121.854472",新北市瑞芳區,25.100917,121.854472
黃金瀑布,"25°7'2.64"",121°51'41.08""",新北市,瑞芳區,"25.117389, 121.861417",新北市瑞芳區,25.117389,121.861417
和平島公園(和平島海角樂園),"25°9'38.34"",121°45'49.61""",基隆市,中正區,"25.158066, 121.768055",基隆市中正區平一路360號,25.158066,121.768055
國立海洋科技博物館,"25°8'26.59"",121°47'51.40""",基隆市,中正區,"25.140722, 121.797611",基隆市中正區北寧路367號,25.140722,121.797611
基隆嶼,"25°11'31.42"",121°47'7.26""",基隆市,中正區,"25.192056, 121.785361",基隆市中正區,25.192056,121.785361
虎仔山步道,25°8'6.67"N 121°44'14.08"E,基隆市,中山區,"25.135194, 121.737250",基隆市中山區中山一路241巷,25.135194,121.73725
情人湖,"25°9'24.59"",121°42'21.38""",基隆市,安樂區,"25.156833, 121.705944",基隆市安樂區基金一路208巷,25.156833,121.705944
大武崙砲台,"25°9'28.62"",121°42'35.93""",基隆市,安樂區,"25.157944, 121.709972",基隆市安樂區基金一路208巷19號,25.157944,121.709972
九份老街,"25°6'35.68"",121°50'42.79""",新北市,瑞芳區,"25.109917, 121.845222",新北市瑞芳區豎崎路、輕便路、基山街等區域,25.109917,121.845222
獅球嶺隧道,"25°7'30.90"",121°43'54.23""",基隆市,安樂區,"25.125250, 121.731722",基隆市安樂區鶯歌里八德路81號,25.12525,121.731722
廟口夜市,"25°7'41.41"",121°44'36.56""",基隆市,仁愛區,"25.128167, 121.743500",基隆市仁愛區仁三路和愛四路,25.128167,121.7435
兒童新樂園,25°05'50.1"N 121°30'53.8"E,台北市,士林區,"25.097239, 121.514942",台北市士林區承德路五段55號,25.097239,121.514942
台北奧萬大,25°08'32.1"N 121°34'10.8"E,台北市,士林區,"25.142235, 121.569657",台北市士林區平菁街10巷19號,25.142235,121.569657
芝山岩,25°06'07.8"N 121°31'51.7"E,台北市,士林區,"25.102158, 121.531014",台北市士林區至誠路一段,25.102158,121.531014
美軍宿舍群陽明山甜點村,25°08'14.9"N 121°32'37.5"E,台北市,士林區,"25.137482, 121.543750",台北市士林區長春街4巷481號,25.137482,121.54375
至善園,25°06'04.8"N 121°32'59.4"E,台北市,士林區,"25.101332, 121.549841",台北市士林區至善路二段221號,25.101332,121.549841
外雙溪忘憂湖,25°06'10.9"N 121°32'05.5"E,台北市,士林區,"25.103020, 121.534855",NA,25.10302,121.534855
陽明山櫻花巷,25°07'48.0"N 121°34'18.1"E,台北市,士林區,"25.130001, 121.571694",台北市士林區平等里,25.130001,121.571694
擎天崗,25°10'01.7"N 121°34'27.4"E,台北市,士林區,"25.167148, 121.574278",NA,25.167148,121.574278
士林官邸,25°05'35.2"N 121°31'56.5"E,台北市,士林區,"25.093106, 121.532365",台北市士林區福林里,25.093106,121.532365
天文科教館,25°05'45.1"N 121°31'05.8"E,台北市,士林區,"25.095870, 121.518278",台北市士林區福佳里,25.09587,121.518278
故宮博物院,25°06'08.7"N 121°32'54.5"E,台北市,士林區,"25.102404, 121.548482",台北市士林區臨溪里,25.102404,121.548482
天母市集,25°07'07.5"N 121°31'47.9"E,台北市,士林區,"25.118753, 121.529979",中山北路七段天母廣場天母廣場,25.118753,121.529979
大稻埕碼頭,25°03'23.9"N 121°30'25.8"E,台北市,大同區,"25.056626, 121.507179",NA,25.056626,121.507179
保安宮夜景,25°04'23.8"N 121°30'55.8"E,台北市,大同區,"25.073280, 121.515497",台北市大同區保安里,25.07328,121.515497
台北孔廟,25°04'22.8"N 121°30'59.8"E,台北市,大同區,"25.072994, 121.516602",台北市大同區保安里,25.072994,121.516602
迪化老街,25°03'27.4"N 121°30'35.1"E,台北市,大同區,"25.057597, 121.509735",台北市大同區大有里,25.057597,121.509735
青田街巷弄風情,25°01'41.0"N 121°31'57.1"E,台北市,大安區,"25.028059, 121.532536",台北市大安區青田街7巷7-1,25.028059,121.532536
大安森林公園,25°01'59.1"N 121°32'06.7"E,台北市,大安區,"25.033091, 121.535206",NA,25.033091,121.535206
東區商圈,25°02'31.0"N 121°32'47.3"E,台北市,大安區,"25.041947, 121.546483",台北市大安區光武里,25.041947,121.546483
永康商圈,25°02'00.9"N 121°31'47.7"E,台北市,大安區,"25.033586, 121.529924",台北市大安區永康街永康商圈,25.033586,121.529924
大佳河濱,25°04'28.9"N 121°32'28.0"E,台北市,中山區,"25.074694, 121.541100",NA,25.074694,121.5411
台北忠烈祠,25°04'42.2"N 121°31'59.3"E,台北市,中山區,"25.078384, 121.533127",台北市中山區北安路139號,25.078384,121.533127
台北故事館,25°04'23.3"N 121°31'28.5"E,台北市,中山區,"25.073130, 121.524594",台北市中山區圓山里,25.07313,121.524594
行天宮,25°03'47.3"N 121°32'02.0"E,台北市,中山區,"25.063128, 121.533891",台北市中山區行政里,25.063128,121.533891
二二八公園,25°02'29.3"N 121°30'54.1"E,台北市,中山區,"25.041466, 121.515020",台北市中正區二二八和平紀念碑,25.041466,121.51502
中正紀念堂,25°02'04.7"N 121°31'18.4"E,台北市,中正區,"25.034625, 121.521785",台北市中正區中山南路21號,25.034625,121.521785
中山堂,25°02'38.8"N 121°30'38.1"E,台北市,中正區,"25.044110, 121.510595",台北市中正區武昌街一段61-67,25.04411,121.510595
自來水博物館,25°00'45.1"N 121°31'48.1"E,台北市,中正區,"25.012527, 121.530017",台北市中正區水源里,25.012527,121.530017
婚紗公園,25°01'05.2"N 121°31'25.1"E,台北市,中正區,"25.018111, 121.523629",NA,25.018111,121.523629
台灣博物館,25°02'34.0"N 121°30'54.1"E,台北市,中正區,"25.042763, 121.515033",台北市中正區黎明里,25.042763,121.515033
土銀展示館,25°02'37.0"N 121°30'51.6"E,台北市,中正區,"25.043613, 121.514341",台北市中正區黎明里,25.043613,121.514341
郵政博物館,25°01'54.0"N 121°30'53.2"E,台北市,中正區,"25.031671, 121.514765",台北市中正區龍福里,25.031671,121.514765
紀州庵文學森林,25°01'17.6"N 121°31'13.8"E,台北市,中正區,"25.021558, 121.520511",台北市中正區同安街109巷,25.021558,121.520511
劍潭古寺,25°05'10.4"N 121°33'19.3"E,台北市,中正區,"25.086216, 121.555357",台北市中山區北安里,25.086216,121.555357
台北植物園,25°01'56.2"N 121°30'35.7"E,台北市,中正區,"25.032283, 121.509905",NA,25.032283,121.509905
華山文創園區,25°02'39.1"N 121°31'45.8"E,台北市,中正區,"25.044198, 121.529399",台北市中正區八德路一段1號,25.044198,121.529399
總統府,25°02'23.9"N 121°30'45.7"E,台北市,中正區,"25.039966, 121.512695",台北市中正區凱達格蘭大道,25.039966,121.512695
台北賓館,25°02'24.7"N 121°31'00.3"E,台北市,中正區,"25.040183, 121.516750",台北市中正區黎明里,25.040183,121.51675
寶藏巖藝術村,25°00'38.9"N 121°31'55.9"E,台北市,中正區,"25.010799, 121.532200",中正區汀州路三段230巷51弄1號,25.010799,121.5322
花博公園,25°04'14.4"N 121°31'52.9"E,台北市,中正區,"25.070658, 121.531346",NA,25.070658,121.531346
台北花市,25°03'46.8"N 121°34'26.6"E,台北市,內湖區,"25.062999, 121.574053",台北市內湖區湖元里,25.062999,121.574053
大湖公園,25°05'00.8"N 121°36'07.4"E,台北市,內湖區,"25.083568, 121.602054",台北市內湖區成功路五段,25.083568,121.602054
白石湖吊橋,25°05'57.0"N 121°35'13.6"E,台北市,內湖區,"25.099172, 121.587112",台北市內湖區碧山路,25.099172,121.587112
碧山巖,25°05'54.0"N 121°35'16.5"E,台北市,內湖區,"25.098330, 121.587917",台北市內湖區碧山路內湖,25.09833,121.587917
貓空遊蹤,24°58'05.9"N 121°35'16.6"E,台北市,文山區,"24.968314, 121.587934",台北市文山區指南路三段38巷,24.968314,121.587934
小坑溪,24°59'04.7"N 121°35'05.9"E,台北市,文山區,"24.984627, 121.584980",台北市文山區政大里,24.984627,121.58498
台北動物園,24°59'54.1"N 121°34'51.7"E,台北市,文山區,"24.998364, 121.581020",台北市文山區萬興里,24.998364,121.58102
木柵杏花林,24°58'08.3"N 121°34'35.7"E,台北市,文山區,"24.968979, 121.576587",台北市文山區老泉街45巷30號,24.968979,121.576587
景美仙跡岩,24°59'33.1"N 121°32'52.9"E,台北市,文山區,"24.992515, 121.548035",台北市文山區景東里,24.992515,121.548035
陽明山風光,25°09'19.3"N 121°32'47.8"E,台北市,北投區,"25.155352, 121.546601",台北市北投區湖田里,25.155352,121.546601
竹子湖黑森林,25°10'28.1"N 121°32'13.1"E,台北市,北投區,"25.174461, 121.536977",台北市北投區竹子湖路,25.174461,121.536977
竹子湖海芋,25°10'22.0"N 121°31'59.8"E,台北市,北投區,"25.172780, 121.533280",台北市北投區湖田里,25.17278,121.53328
水車寮賞繡球花,25°10'18.0"N 121°32'21.8"E,台北市,北投區,"25.171672, 121.539384",NA,25.171672,121.539384
中山樓,25°09'20.2"N 121°33'09.6"E,台北市,北投區,"25.155621, 121.552655",台北市北投區湖山里,25.155621,121.552655
大屯瀑布,25°09'41.8"N 121°32'11.1"E,台北市,北投區,"25.161610, 121.536427",NA,25.16161,121.536427
少帥禪園,25°08'18.9"N 121°30'49.5"E,台北市,北投區,"25.138578, 121.513748",台北市北投區林泉里,25.138578,121.513748
農禪寺水月道場,25°07'22.0"N 121°29'45.1"E,台北市,北投區,"25.122774, 121.495846",NA,25.122774,121.495846
小油坑,25°10'35.3"N 121°32'48.9"E,台北市,北投區,"25.176460, 121.546923",台北市北投區湖田里,25.17646,121.546923
貴子坑,25°09'10.0"N 121°29'25.8"E,台北市,北投區,"25.152777, 121.490509",台北市北投區秀山路貴子坑親山步道,25.152777,121.490509
洲美蜆仔港公園,25°06'03.6"N 121°30'40.3"E,台北市,北投區,"25.101001, 121.511200",台北市北投區承德路六段329號,25.101001,121.5112
地熱谷,25°08'12.0"N 121°30'37.1"E,台北市,北投區,"25.136670, 121.510311",NA,25.13667,121.510311
溫泉博物館,25°08'11.9"N 121°30'25.7"E,台北市,北投區,"25.136644, 121.507144",NA,25.136644,121.507144
七星公園,25°08'12.2"N 121°30'08.6"E,台北市,北投區,"25.136715, 121.502388",台北市北投區光明路225號,25.136715,121.502388
軍艦岩,25°07'38.5"N 121°31'07.4"E,台北市,北投區,"25.127367, 121.518728",NA,25.127367,121.518728
夢幻湖,25°10'08.8"N 121°33'44.9"E,台北市,北投區,"25.169113, 121.562477",NA,25.169113,121.562477
松機觀景台,25°03'51.2"N 121°33'03.0"E,台北市,松山區,"25.064227, 121.550825",台北市松山區敦化北路340之9號,25.064227,121.550825
彩虹橋,25°03'07.8"N 121°34'35.9"E,台北市,松山區,"25.052152, 121.576650",NA,25.052152,121.57665
101觀景台,25°02'01.0"N 121°33'53.1"E,台北市,信義區,"25.033610, 121.564757",台北市信義區信義路五段7號39樓,25.03361,121.564757
國父紀念館,25°02'24.1"N 121°33'36.9"E,台北市,信義區,"25.040033, 121.560247",台北市信義區興隆里,25.040033,121.560247
象山登高,25°01'38.0"N 121°34'35.4"E,台北市,信義區,"25.027226, 121.576498",台北市信義區象山,25.027226,121.576498
四四南村,25°01'52.8"N 121°33'43.0"E,台北市,信義區,"25.031345, 121.561934",台北市信義區信義路五段24巷5弄,25.031345,121.561934
台北探索館,25°02'15.1"N 121°33'49.6"E,台北市,信義區,"25.037527, 121.563781",信義區市府路1號,25.037527,121.563781
和興炭坑,25°01'21.4"N 121°34'51.0"E,台北市,信義區,"25.022603, 121.580826",NA,25.022603,121.580826
松山文創園區,25°02'37.5"N 121°33'38.3"E,台北市,信義區,"25.043741, 121.560642",NA,25.043741,121.560642
五分埔商圈,25°02'50.1"N 121°34'50.9"E,台北市,南港區,"25.047247, 121.580797",台北市南港區合成里,25.047247,121.580797
艋舺龍山寺,25°02'13.8"N 121°29'59.6"E,台北市,萬華區,"25.037165, 121.499899",台北市萬華區富民里,25.037165,121.499899
新富町文化市場,25°02'08.8"N 121°30'06.7"E,台北市,萬華區,"25.035775, 121.501851",台北市萬華區福音里,25.035775,121.501851
糖廊文化園區,25°01'59.6"N 121°29'42.2"E,台北市,萬華區,"25.033207, 121.495065",台北市萬華區糖部里,25.033207,121.495065
西門紅樓,25°02'31.3"N 121°30'24.7"E,台北市,萬華區,"25.042018, 121.506859",台北市萬華區西門里,25.042018,121.506859
青年公園,25°01'13.2"N 121°30'13.6"E,台北市,萬華區,"25.020324, 121.503776",台北市萬華區青年公園(馬場町),25.020324,121.503776
剝皮寮老街,25°02'12.6"N 121°30'07.8"E,台北市,萬華區,"25.036841, 121.502164",台北市萬華區福音里,25.036841,121.502164
華江雁鴨公園,25°02'19.3"N 121°29'42.8"E,台北市,萬華區,"25.038705, 121.495220",NA,25.038705,121.49522
西門町,25°02'31.6"N 121°30'24.6"E,台北市,萬華區,"25.042117, 121.506826",台北市萬華區西門里,25.042117,121.506826
西本願寺廣場,25°02'25.0"N 121°30'24.0"E,台北市,萬華區,"25.040282, 121.506658",台北市萬華區新起里,25.040282,121.506658
林安泰古厝,25°04'18.4"N 121°31'49.3"E,台北市,NA,"25.071788, 121.530357",NA,25.071788,121.530357
台北古城門,25°02'21.2"N 121°31'03.5"E,台北市,NA,"25.039208, 121.517641",NA,25.039208,121.517641
保安宮,"25°4'21.79"",121°30'56.09""",台北市,大同區,"25.072722, 121.515583",台北市大同區哈密街61號,25.072722,121.515583
花博圓山公園,"25°4'14.34"",121°31'12.50""",台北市,中山區,"25.070639, 121.520139",台北市中山區玉門街1號,25.070639,121.520139
士林夜市,"25°5'20.22"",121°31'27.91""",台北市,士林區,"25.088944, 121.524417",台北市士林區大東路、大南路、文林路、基河路範圍內巷,25.088944,121.524417
北投文物館,"25°8'17.48"",121°30'53.32""",台北市,北投區,"25.138194, 121.514806",台北市北投區幽雅路32號,25.138194,121.514806
梅庭遊客中心,"25°8'13.42"",121°30'21.02""",台北市,北投區,"25.137056, 121.505833",台北市北投區中山路6號,25.137056,121.505833
北投溫泉博物館,"25°8'12.26"",121°30'25.52""",台北市,北投區,"25.136750, 121.507083",台北市北投區中山路2號,25.13675,121.507083
士林觀光夜市(士林夜市),"25°5'20.22"",121°31'27.91""",台北市,士林區,"25.088944, 121.524417",台北市士林區大東路、大南路、文林路、基河路範圍內巷,25.088944,121.524417
北投溫泉,"25°8'13.27"",121°30'30.74""",台北市,北投區,"25.137028, 121.508528",台北市北投區,25.137028,121.508528
地熱谷(地熱谷景觀公園),"25°8'15.94"",121°30'41.69""",台北市,北投區,"25.137750, 121.511583",台北市北投區中山路,25.13775,121.511583
國立故宮博物院,"25°5'58.34"",121°32'57.16""",台北市,士林區,"25.099528, 121.549222",台北市士林區至善路二段221號,25.099528,121.549222
草山行館,"25°9'15.41"",121°32'17.23""",台北市,北投區,"25.154278, 121.538111",台北市北投區湖山里湖底路89號,25.154278,121.538111
橫嶺古道,25°9'5.82"N 121°32'26.82"E,台北市,北投區,"25.151611, 121.540778",台北市北投區湖底路,25.151611,121.540778
陽明山國家公園,"25°9'19.58"",121°32'46.82""",台北市,北投區,"25.155444, 121.546333",台北市北投區,25.155444,121.546333
淡水老街,"25°10'17.54"",121°26'28.64""",新北市,淡水區,"25.171528, 121.441278",新北市淡水區中山路148-1號,25.171528,121.441278
一滴水紀念館,"25°10'41.70"",121°25'50.77""",新北市,淡水區,"25.178250, 121.430778",NA,25.17825,121.430778
淡水漁人碼頭,"25°11'2.54"",121°24'42.26""",新北市,淡水區,"25.184028, 121.411750",NA,25.184028,121.41175
情人橋,"25°11'0.78"",121°24'39.20""",新北市,淡水區,"25.183556, 121.410889",NA,25.183556,121.410889
板南線─龍山寺站>龍山寺,25°2'7.62"N 121°29'58.48"E,台北市,萬華區,"25.035444, 121.499583",台北市萬華區富民里,25.035444,121.499583
台北市鄉土教育中心(剝皮寮歷史街區),"25°2'12.77"",121°30'9.22""",台北市,萬華區,"25.036686, 121.503278",台北市萬華區廣州街101號,25.036686,121.503278
小南門線：中正紀念堂站,25°02'04.8"N 121°31'18.3"E,台北市,中正區,"25.034677, 121.521737",台北市中正區中山南路21號,25.034677,121.521737
板南線：市政府站>信義商圈,"25°1'41.48"",121°33'45.58""",台北市,信義區,"25.028194, 121.562667",台北市信義區吳興街198號,25.028194,121.562667
Taipei 101,"25°2'0.53"",121°33'53.42""",台北市,信義區,"25.033472, 121.564833",台北市信義區信義路五段7號,25.033472,121.564833
文湖線：動物園站,"24°59'44.63"",121°34'55.27""",台北市,文山區,"24.995722, 121.582028",台北市文山區新光路二段30號,24.995722,121.582028
貓空纜車,"24°59'44.63"",121°34'55.27""",台北市,文山區,"24.995722, 121.582028",台北市文山區新光路二段30號,24.995722,121.582028
貓空,"25°0'17.71"",121°35'55.18""",台北市,文山區,"25.004917, 121.598667",台北市文山區,25.004917,121.598667
臺北市立動物園,"24°59'44.63"",121°34'55.27""",台北市,文山區,"24.995722, 121.582028",台北市文山區新光路二段30號,24.995722,121.582028
台北信義威秀影城,"25°2'7.33"",121°33'59.90""",台北市,信義區,"25.035361, 121.566639",台北市信義區松壽路18號,25.035361,121.566639
淡水白樓紅樓、偕醫館,"25°10'16.43"",121°26'21.66""",新北市,淡水區,"25.171222, 121.439361",新北市淡水區三民街2巷6號3樓,25.171222,121.439361
小白宮(前清淡水關稅務司官邸),"25°10'27.12"",121°26'10.57""",新北市,淡水區,"25.174194, 121.436278",新北市淡水區真理街15號,25.174194,121.436278
淡水紅毛城,"25°10'28.67"",121°26'0.02""",新北市,淡水區,"25.174639, 121.433333",新北市淡水區中正路28巷1號,25.174639,121.433333
淡水滬尾砲台,"25°10'45.30"",121°25'45.80""",新北市,淡水區,"25.179250, 121.429389",新北市淡水區中正路一段6巷34號,25.17925,121.429389
寧夏夜市,25°03'20.1"N 121°30'54.9"E,台北市,大同區,"25.055584, 121.515258",台北市大同區寧夏路27,25.055584,121.515258
永康街,25°01'51.1"N 121°31'46.3"E,台北市,大安區,"25.030853, 121.529539",106台北市大安區永康街35號,25.030853,121.529539
國民革命忠烈祠,"25°4'42.31"",121°31'59.27""",台北市,中山區,"25.078417, 121.533139",台北市中山區北安路139號,25.078417,121.533139
華山1914文化創意產業園區,"25°2'39.05"",121°31'45.84""",台北市,中正區,"25.044194, 121.529389",台北市中正區八德路一段1號,25.044194,121.529389
松山文化創意園區,"25°2'37.50"",121°33'38.30""",台北市,信義區,"25.043750, 121.560639",NA,25.04375,121.560639
饒河街觀光夜市,"25°3'3.60"",121°34'39.11""",台北市,松山區,"25.051000, 121.577528",台北市松山區饒河街253-225,25.051,121.577528
國立國父紀念館,"25°2'24.29"",121°33'36.90""",台北市,信義區,"25.040083, 121.560250",台北市信義區興隆里,25.040083,121.56025
象山,"25°1'57.83"",121°34'13.30""",台北市,信義區,"25.032722, 121.570361",台北市信義區信義路五段,25.032722,121.570361
華西街夜市,"25°2'19.14"",121°29'54.42""",台北市,萬華區,"25.038639, 121.498444",台北市萬華區華西街117,25.038639,121.498444
關渡風情,25°07'27.9"N 121°27'02.5"E,新北市,八里區,"25.124402, 121.450699",新北市八里區頂寮二街21-3,25.124402,121.450699
八里左岸,25°09'38.8"N 121°25'47.0"E,新北市,八里區,"25.160768, 121.429713",新北市八里區觀海大道36號,25.160768,121.429713
十三行博物館,25°09'20.7"N 121°24'21.2"E,新北市,八里區,"25.155756, 121.405891",NA,25.155756,121.405891
三芝水車,25°14'01.7"N 121°30'52.2"E,新北市,三芝區,"25.233812, 121.514486",新北市三芝區土地公埔,25.233812,121.514486
幸運草溜滑梯,25°03'24.3"N 121°28'53.4"E,新北市,三重區,"25.056738, 121.481500",新北市三重區,25.056738,121.4815
三峽祖師廟,24°56'02.9"N 121°22'12.8"E,新北市,三峽區,"24.934137, 121.370216",新北市三峽區三峽里,24.934137,121.370216
三峽老街,24°56'01.6"N 121°22'11.3"E,新北市,三峽區,"24.933790, 121.369818",新北市三峽區民權街37-147號,24.93379,121.369818
三峽藍染,24°55'58.2"N 121°22'06.6"E,新北市,三峽區,"24.932838, 121.368495",NA,24.932838,121.368495
熊空茶園,24°52'42.9"N 121°27'44.6"E,新北市,三峽區,"24.878587, 121.462378",新北市三峽區竹崙路243-2號,24.878587,121.462378
土城桐花公園,24°57'26.3"N 121°26'39.2"E,新北市,土城區,"24.957316, 121.444229",新北市土城區承天路90-1號,24.957316,121.444229
承天禪寺,24°57'01.9"N 121°26'48.2"E,新北市,土城區,"24.950517, 121.446713",新北市土城區承天路96號,24.950517,121.446713
中和圓通寺,24°58'56.6"N 121°29'34.0"E,新北市,中和區,"24.982399, 121.492779",新北市中和區圓通路367巷64號,24.982399,121.492779
新北恐龍園區,25°00'29.6"N 121°29'42.3"E,新北市,中和區,"25.008221, 121.495075",新北市中和區華中橋恐龍園區,25.008221,121.495075
烘爐地,24°58'23.7"N 121°29'49.8"E,新北市,中和區,"24.973257, 121.497167",新北市中和區烘爐地停車場,24.973257,121.497167
十分瀑布,25°02'56.4"N 121°47'14.8"E,新北市,平西區,"25.049010, 121.787455",新北市平溪區 乾坑,25.04901,121.787455
平溪風光,25°02'27.7"N 121°46'29.9"E,新北市,平溪區,"25.041013, 121.774962",新北市平溪區十分里,25.041013,121.774962
菁桐老街,25°01'25.8"N 121°43'24.6"E,新北市,平溪區,"25.023832, 121.723502",新北市平溪區菁桐街50-58,25.023832,121.723502
石門洞,25°17'45.0"N 121°34'06.3"E,新北市,石門區,"25.295841, 121.568419",新北市石門區中央路,25.295841,121.568419
富基漁港,25°17'33.5"N 121°32'07.1"E,新北市,石門區,"25.292636, 121.535308",新北市石門區富基里,25.292636,121.535308
北海岸風光,25°17'00.1"N 121°31'08.8"E,新北市,石門區,"25.283351, 121.519109",新北市石門區德茂里下員坑33-6號,25.283351,121.519109
幸福石門,25°17'15.6"N 121°31'52.6"E,新北市,石門區,"25.287676, 121.531276",新北市石門區石門婚紗廣場,25.287676,121.531276
老梅石槽,25°17'32.3"N 121°32'41.8"E,新北市,石門區,"25.292313, 121.544955",新北市石門區老梅綠石槽,25.292313,121.544955
富貴角燈塔,25°17'54.9"N 121°32'11.9"E,新北市,石門區,"25.298594, 121.536639",新北市石門區富基里,25.298594,121.536639
石門風車,25°17'25.2"N 121°32'50.3"E,新北市,石門區,"25.290320, 121.547307",新北市石門區石門風箏公園停車場,25.29032,121.547307
石碇千島湖,24°56'03.8"N 121°38'38.8"E,新北市,石碇區,"24.934398, 121.644111",新北市石碇區,24.934398,121.644111
石碇風光,25°00'32.8"N 121°38'43.6"E,新北市,石碇區,"25.009123, 121.645447",NA,25.009123,121.645447
新山夢湖,25°07'38.1"N 121°38'14.9"E,新北市,汐止區,"25.127257, 121.637466",新北市汐止區夢湖路 新山夢湖涼亭,25.127257,121.637466
坪林風光,24°56'04.2"N 121°42'46.8"E,新北市,坪林區,"24.934487, 121.713004",新北市坪林區水德里水聳淒坑19-1號,24.934487,121.713004
板橋林園,25°00'40.3"N 121°27'16.6"E,新北市,板橋區,"25.011185, 121.454612",新北市板橋區西門街9號,25.011185,121.454612
435藝文特區,25°01'28.1"N 121°27'02.3"E,新北市,板橋區,"25.024476, 121.450634",NA,25.024476,121.450634
台灣玩具博物館,25°01'26.5"N 121°27'06.5"E,新北市,板橋區,"25.024022, 121.451803",NA,25.024022,121.451803
新月橋,25°01'27.5"N 121°27'00.8"E,新北市,板橋區,"25.024312, 121.450207",新北市板橋區環河西路五段,25.024312,121.450207
水牛坑,25°07'11.5"N 121°19'07.8"E,新北市,林口區,"25.119856, 121.318826",新北市林口區西部濱海公路625號,25.119856,121.318826
金包里老街,25°13'18.6"N 121°38'17.8"E,新北市,金山區,"25.221828, 121.638268",新北市楊梅區老莊路112 號,25.221828,121.638268
八煙聚落,25°11'22.3"N 121°35'19.5"E,新北市,金山區,"25.189523, 121.588754",NA,25.189523,121.588754
燭台雙嶼,25°13'48.4"N 121°39'05.2"E,新北市,金山區,"25.230120, 121.651452",新北市金山區磺港路 11號,25.23012,121.651452
烏來風光,24°51'51.3"N 121°33'05.7"E,新北市,烏來區,"24.864236, 121.551579",新北市烏來區烏來街8號,24.864236,121.551579
內洞森林,24°49'51.9"N 121°31'40.0"E,新北市,烏來區,"24.831093, 121.527767",新北市烏來區內洞國家森林遊樂區觀瀑步道,24.831093,121.527767
三貂角,25°00'34.5"N 122°00'12.7"E,新北市,貢寮區,"25.009577, 122.003523",新北市貢寮區馬崗街,25.009577,122.003523
福隆海水浴場,25°01'18.2"N 121°56'39.2"E,新北市,貢寮區,"25.021725, 121.944220",新北市貢寮區福隆街42號,25.021725,121.94422
草嶺古道,24°59'59.5"N 121°55'46.4"E,新北市,貢寮區,"24.999872, 121.929546",NA,24.999872,121.929546
龍洞灣,25°07'04.4"N 121°54'59.6"E,新北市,貢寮區,"25.117876, 121.916553",新北市贡寮区,25.117876,121.916553
卯澳風情,25°00'44.3"N 121°59'28.2"E,新北市,貢寮區,"25.012295, 121.991152",新北市貢寮區卯澳漁港,25.012295,121.991152
淡水風情,25°10'15.9"N 121°26'18.7"E,新北市,淡水區,"25.171077, 121.438533",新北市淡水區中正路11巷46-8,25.171077,121.438533
金色水岸,25°10'04.4"N 121°26'37.5"E,新北市,淡水區,"25.167899, 121.443746",新北市淡水區公明街76,25.167899,121.443746
淡水文化園區,25°09'57.3"N 121°26'49.2"E,新北市,淡水區,"25.165907, 121.446994",新北市淡水區幸福里,25.165907,121.446994
海關碼頭園區,25°10'29.4"N 121°25'53.4"E,新北市,淡水區,"25.174836, 121.431503",新北市淡水區中正路261號旁,25.174836,121.431503
滴水紀念館,25°10'41.7"N 121°25'50.8"E,新北市,淡水區,"25.178255, 121.430783",NA,25.178255,121.430783
淡水情人塔,25°10'54.6"N 121°24'57.8"E,新北市,淡水區,"25.181828, 121.416059",新北市淡水區觀海路,25.181828,121.416059
淡水情人橋,25°10'59.3"N 121°24'39.0"E,新北市,淡水區,"25.183139, 121.410823",NA,25.183139,121.410823
淡水天元宮,25°11'11.5"N 121°29'01.3"E,新北市,淡水區,"25.186532, 121.483706",NA,25.186532,121.483706
淡水賞紫藤,25°14'08.8"N 121°27'30.6"E,新北市,淡水區,"25.235773, 121.458496",新北市淡水區北5鄉道淡水德安居古厝,25.235773,121.458496
滬尾砲台,25°11'04.0"N 121°25'37.8"E,新北市,淡水區,"25.184441, 121.427158",新北市淡水區沙崙路216巷,25.184441,121.427158
深坑老街,25°00'05.3"N 121°36'51.0"E,新北市,深坑區,"25.001473, 121.614158",台北市深坑區老泉街31巷45弄78號,25.001473,121.614158
碧潭,24°57'21.7"N 121°32'11.5"E,新北市,新店區,"24.956025, 121.536523",NA,24.956025,121.536523
燕子湖,24°54'42.7"N 121°32'56.3"E,新北市,新店區,"24.911867, 121.548963",新北市新店區燕子湖,24.911867,121.548963
青立方,24°57'38.7"N 121°34'51.9"E,新北市,新店區,"24.960761, 121.581072",新北市新店區銀河路98號,24.960761,121.581072
陽光運動公園,24°58'36.9"N 121°31'13.3"E,新北市,新店區,"24.976914, 121.520366",新北市新店區運動場,24.976914,121.520366
山城九份,25°06'35.7"N 121°50'42.7"E,新北市,瑞芳區,"25.109925, 121.845183",新北市瑞芳區汽車路九份街角小吃,25.109925,121.845183
象鼻岩,25°08'08.5"N 121°49'27.7"E,新北市,瑞芳區,"25.135687, 121.824367",NA,25.135687,121.824367
番仔澳風光,25°08'06.1"N 121°49'19.4"E,新北市,瑞芳區,"25.135034, 121.822064",新北市瑞芳區深澳路189-5號,25.135034,121.822064
金瓜石風光,25°06'27.3"N 121°51'28.4"E,新北市,瑞芳區,"25.107586, 121.857877",新北市瑞芳區金光路8號,25.107586,121.857877
南雅奇岩,25°07'10.6"N 121°53'34.0"E,新北市,瑞芳區,"25.119623, 121.892782",NA,25.119623,121.892782
鼻頭角海岸,25°07'39.8"N 121°55'10.8"E,新北市,瑞芳區,"25.127709, 121.919668",NA,25.127709,121.919668
悠遊水金九,25°06'33.1"N 121°50'39.9"E,新北市,瑞芳區,"25.109180, 121.844421",新北市瑞芳區輕便路270號,25.10918,121.844421
猴洞貓村,25°05'21.6"N 121°49'37.4"E,新北市,瑞芳區,"25.089324, 121.827062",新北市瑞芳區光復里,25.089324,121.827062
猴硐風光,25°05'08.2"N 121°49'41.3"E,新北市,瑞芳區,"25.085600, 121.828150",新北市瑞芳區運煤橋,25.0856,121.82815
星空草原,25°06'38.0"N 121°45'16.2"E,新北市,瑞芳區,"25.110543, 121.754498",新北市仁愛區中央路48巷,25.110543,121.754498
龜吼漁港,25°11'45.0"N 121°41'10.7"E,新北市,萬里區,"25.195843, 121.686314",新北市萬里區龜吼漁港,25.195843,121.686314
野柳風光,25°12'19.9"N 121°41'23.9"E,新北市,萬里區,"25.205524, 121.689969",新北市萬里區野柳里,25.205524,121.689969
三鶯藝術村,24°57'12.7"N 121°21'29.5"E,新北市,鶯歌區,"24.953534, 121.358199",新北市鶯歌區館前路300號,24.953534,121.358199
鶯歌陶瓷,24°56'54.8"N 121°21'02.4"E,新北市,鶯歌區,"24.948548, 121.350672",新北市鶯歌區文化路200號,24.948548,121.350672
一滴水紀念館(和平公園),"25°10'41.70"",121°25'50.81""",新北市,淡水區,"25.178250, 121.430778",淡水區中正路1段6巷30號,25.17825,121.430778
淡水福佑宮,"25°10'13.12"",121°26'23.78""",新北市,淡水區,"25.170306, 121.439944",新北市淡水區民安里中正路200號,25.170306,121.439944
淡水捷運站,"25°10'2.42"",121°26'42.65""",新北市,淡水區,"25.167333, 121.445194",新北市淡水區中正路,25.167333,121.445194
碧潭風景區,"24°57'22.00"",121°32'11.40""",新北市,新店區,"24.956111, 121.536500",新北市新店區新店路,24.956111,121.5365
新烏公路風景線(洪荒峽、紅河谷),"24°53'4.85"",121°32'25.33""",新北市,烏來區,"24.884694, 121.540361",新北市烏來區新烏路(台9甲線),24.884694,121.540361
烏來風景特定區(烏來溫泉、烏來商店街),"24°51'48.85"",121°33'1.04""",新北市,烏來區,"24.863583, 121.550278",新北市烏來區烏來里瀑布34號,24.863583,121.550278
烏來風景特定區(烏來瀑布),"24°50'50.86"",121°33'7.02""",新北市,烏來區,"24.847472, 121.551944",新北市烏來區瀑布路(遊客中心旁),24.847472,121.551944
內洞國家森林遊區,"24°50'22.78"",121°31'41.34""",新北市,烏來區,"24.839667, 121.528139",新北市烏來區信賢里,24.839667,121.528139
土城承天禪寺,"24°57'1.66"",121°26'48.26""",新北市,土城區,"24.950472, 121.446750",新北市土城區承天路96號,24.950472,121.44675
土城牛軋糖博物館,"24°58'22.22"",121°25'57.54""",新北市,土城區,"24.972833, 121.432639",新北市土城區自強街31-1號,24.972833,121.432639
大觀義學(大觀書社),"25°0'40.14"",121°27'21.20""",新北市,板橋區,"25.011139, 121.455889",新北市板橋區黃石里西門街5號,25.011139,121.455889
板橋林家花園,"25°0'37.73"",121°27'14.62""",新北市,板橋區,"25.010472, 121.454056",新北市板橋區流芳里西門街9號,25.010472,121.454056
板橋觀光夜市/南雅夜市,"25°0'22.72"",121°27'15.59""",新北市,板橋區,"25.006306, 121.454333",新北市板橋區南雅東路南雅南路一段,25.006306,121.454333
三峽清水祖師廟,"24°56'2.40"",121°22'12.90""",新北市,三峽區,"24.934000, 121.370250",新北市三峽區秀川里長福街1號,24.934,121.37025
三峽民權老街,"24°56'7.58"",121°22'13.91""",新北市,三峽區,"24.935444, 121.370528",新北市三峽區民權街、和平街、仁愛街,24.935444,121.370528
鶯歌陶瓷博物館,"24°56'54.82"",121°21'2.48""",新北市,鶯歌區,"24.948556, 121.350694",新北市鶯歌區文化路200號,24.948556,121.350694
鶯歌陶瓷老街,"24°57'8.50"",121°20'52.19""",新北市,鶯歌區,"24.952361, 121.347833",新北市鶯歌區文化路、尖山埔路,24.952361,121.347833
大黑松小倆口牛軋糖博物館,"24°58'22.44"",121°25'57.54""",新北市,土城區,"24.972889, 121.432639",新北市土城區自強街31-1號,24.972889,121.432639
林家花園(林本源園邸),"25°0'37.87"",121°27'14.65""",新北市,板橋區,"25.010528, 121.454083",新北市板橋區流芳里西門街9號,25.010528,121.454083
烏來溫泉,"24°51'48.85"",121°33'1.04""",新北市,烏來區,"24.863583, 121.550278",新北市烏來區烏來街、溫泉街與環山路一帶,24.863583,121.550278
烏來風景特定區,"24°51'48.85"",121°33'1.04""",新北市,烏來區,"24.863583, 121.550278",NA,24.863583,121.550278
烏來瀑布,"24°50'50.86"",121°33'7.02""",新北市,烏來區,"24.847472, 121.551944",NA,24.847472,121.551944
內洞國家森林遊樂區,"24°50'22.78"",121°31'41.34""",新北市,烏來區,"24.839667, 121.528139",NA,24.839667,121.528139
和風北投 台灣最美 溫泉鄉,"25°6'55.94"",121°30'56.41""",新北市,北投區,"25.115528, 121.515667",台北市北投區振華里,25.115528,121.515667
台北縣 平溪放天燈 保平安,"25°1'34.10"",121°44'19.97""",新北市,平溪區,"25.026139, 121.738889",新北市平溪區,25.026139,121.738889
十分老街,"25°2'33.79"",121°46'36.05""",新北市,平溪區,"25.042722, 121.776694",新北市平溪區十分街,25.042722,121.776694
平溪,"25°1'31.48"",121°44'25.19""",新北市,平溪區,"25.025417, 121.740333",新北市平溪區嶺腳里,25.025417,121.740333
紅毛城,"25°10'30.11"",121°25'55.31""",新北市,淡水区,"25.175028, 121.432028",新北市淡水区中正路30巷1號,25.175028,121.432028
野柳,"25°12'17.21"",121°41'26.05""",新北市,萬里區,"25.204778, 121.690583",新北市萬里區港東路167-3號,25.204778,121.690583
陽明山 賞櫻觀夜景,"25°11'19.82"",121°34'9.77""",新北市,士林區,"25.188833, 121.569389",台北市士林區菁山里,25.188833,121.569389
龍洞攀岩 一縫一步一景色,"25°6'43.85"",121°55'19.63""",新北市,貢寮區,"25.112194, 121.922111",新北市貢寮區龍洞岩場,25.112194,121.922111
南寮地中海,24°50'55.4"N 120°55'45.3"E,新竹市,北區,"24.848720, 120.929257",新竹市北區南寮街241,24.84872,120.929257
竹塹古城,24°48'15.0"N 120°58'12.9"E,新竹市,北區,"24.804164, 120.970246",新竹市北區東門圓環竹塹城迎曦門,24.804164,120.970246
新竹眷村博物館,24°48'50.4"N 120°58'01.3"E,新竹市,北區,"24.813988, 120.967013",新竹市北區122縣道131-105,24.813988,120.967013
幾米廣場,24°48'08.6"N 120°58'15.3"E,新竹市,東區,"24.802375, 120.970910",新竹市東區林森路18號幾米廣場,24.802375,120.97091
十八尖山,24°47'30.2"N 120°59'07.8"E,新竹市,東區,"24.791713, 120.985509",新竹市東區寶山路145巷38號十八尖山,24.791713,120.985509
清泉風光,24°34'33.0"N 121°06'16.6"E,新竹縣,五峰鄉,"24.575830, 121.104621",新竹縣五峰鄉桃山村,24.57583,121.104621
張學良文化園區,24°34'33.9"N 121°06'14.2"E,新竹縣,五峰鄉,"24.576074, 121.103956",新竹縣五峰鄉原住民族館,24.576074,121.103956
三毛夢烏清泉天主堂,24°34'27.6"N 121°06'20.7"E,新竹縣,五峰鄉,"24.574319, 121.105736",新竹縣五峰鄉16鄰清泉262號,24.574319,121.105736
北埔古蹟,24°41'59.6"N 121°03'25.9"E,新竹縣,北埔鄉,"24.699882, 121.057205",新竹縣北埔鄉南興街122-94,24.699882,121.057205
北埔老街,24°42'05.9"N 121°03'27.0"E,新竹縣,北埔鄉,"24.701625, 121.057505",新竹縣北埔鄉南興街152-144,24.701625,121.057505
六家庄,24°49'03.4"N 121°01'33.3"E,新竹縣,竹北市,"24.817616, 121.025921",新竹縣竹北市福興東路一段365號,24.817616,121.025921
竹北新瓦屋,24°48'40.9"N 121°01'39.3"E,新竹縣,竹北市,"24.811365, 121.027583",NA,24.811365,121.027583
軟橋彩繪村,24°41'43.7"N 121°05'50.9"E,新竹縣,竹東鎮,"24.695460, 121.097479",NA,24.69546,121.097479
新竹米粉寮,24°45'14.3"N 120°56'24.8"E,新竹縣,香山區,"24.753983, 120.940218",新竹市香山區新竹市香山區米粉寮,24.753983,120.940218
十二寮天主堂,24°40'21.6"N 120°59'02.0"E,新竹縣,峨眉鄉,"24.672671, 120.983899",新竹縣峨眉鄉竹49鄉道,24.672671,120.983899
九降風柿餅,24°49'14.4"N 121°05'39.9"E,新竹縣,新埔鎮,"24.820667, 121.094408",新竹縣新埔鎮新關路五埔段657巷49弄11號,24.820667,121.094408
內灣風光,24°42'21.2"N 121°10'54.4"E,新竹縣,橫山鄉,"24.705876, 121.181764",新竹縣橫山鄉光復路8號,24.705876,121.181764
六福村,24°49'16.3"N 121°10'54.5"E,新竹縣,關西鎮,"24.821205, 121.181797",新竹縣關西鎮60號,24.821205,121.181797
小熊博物館,24°47'18.8"N 121°11'01.3"E,新竹縣,關西鎮,"24.788564, 121.183706",新竹縣關西鎮中山東路9號,24.788564,121.183706
東安古橋,24°47'27.1"N 121°10'47.4"E,新竹縣,關西鎮,"24.790873, 121.179821",NA,24.790873,121.179821
內灣老街,"24°42'21.06"",121°10'54.41""",新竹縣,橫山鄉,"24.705861, 121.181778",新竹縣橫山鄉內灣村中正路,24.705861,121.181778
內灣戲院,"24°42'19.44"",121°10'52.82""",新竹縣,橫山鄉,"24.705389, 121.181333",新竹縣橫山鄉內灣村中正路227號,24.705389,121.181333
內灣車站,"24°42'19.58"",121°10'56.89""",新竹縣,橫山鄉,"24.705444, 121.182472",新竹縣橫山鄉內灣村中正路,24.705444,121.182472
內灣吊橋,"24°42'11.81"",121°11'1.00""",新竹縣,橫山鄉,"24.703278, 121.183611",新竹縣橫山鄉內灣村之東方,24.703278,121.183611
綠世界生態農場,"24°41'53.95"",121°4'16.14""",新竹縣,北埔鄉,"24.698333, 121.071139",新竹縣北埔鄉大湖村7鄰20號,24.698333,121.071139
汶水老街,"24°27'23.40"",120°52'35.26""",苗栗縣,獅潭鄉,"24.456500, 120.876472",苗栗縣獅潭鄉竹木村汶水老街,24.4565,120.876472
泰安溫泉,"24°28'16.75"",120°58'38.10""",苗栗縣,泰安鄉,"24.471333, 120.977250",苗栗縣泰安鄉錦水村,24.471333,120.97725
雪見遊憩區,24°25'29.06"N 121°0'47.97"E,苗栗縣,泰安鄉,"24.424750, 121.013333",苗栗縣泰安鄉梅園村7鄰雪見10號,24.42475,121.013333
觀霧國家森林遊樂區,"24°30'21.60"",121°6'50.94""",苗栗縣,泰安鄉,"24.506000, 121.114139",苗栗縣泰安鄉,24.506,121.114139
雪霸休閒農場,"24°31'35.08"",121°7'4.48""",新竹縣,五峰鄉,"24.526417, 121.117917",新竹縣五峰鄉桃山村民石380-1號,24.526417,121.117917
野馬瞰山步道,24°31'40.35"N 121°7'1.80"E,新竹縣,五峰鄉,"24.527889, 121.117167",新竹縣五峰鄉桃山村民石380號,24.527889,121.117167
張學良故居,24°34'33.75"N 121°6'15.09"E,新竹縣,五峰鄉,"24.576056, 121.104194",新竹縣五峰鄉清泉部落,24.576056,121.104194
三毛故居,24°34'26.35"N 121°6'21.13"E,新竹縣,五峰鄉,"24.574000, 121.105861",新竹縣五峰鄉清泉262號,24.574,121.105861
湖口老街,"24°52'37.74"",121°3'25.13""",新竹縣,湖口鄉,"24.877139, 121.056972",新竹縣湖口鄉湖口街,24.877139,121.056972
馬武督探索森林,"24°46'8.18"",121°16'52.00""",新竹縣,關西鎮,"24.768944, 121.281111",新竹縣關西鎮錦山里12鄰138-3號,24.768944,121.281111
關西蝙蝠洞,"24°46'5.09"",121°13'27.23""",新竹縣,關西鎮,"24.768083, 121.224222",新竹縣關西鎮六曲窩道路,24.768083,121.224222
鴛鴦谷瀑布群,"24°45'2.41"",121°17'5.50""",新竹縣,尖石鄉,"24.750667, 121.284861",新竹縣尖石鄉水田道路,24.750667,121.284861
桃源仙谷,"24°47'16.01"",121°16'42.82""",桃園市,復興區,"24.787778, 121.278556",桃園市復興區長興村上高遶8鄰5號,24.787778,121.278556
小烏來風景特定區,"24°47'36.64"",121°22'31.51""",桃園市,復興區,"24.793500, 121.375417",桃園市復興區義盛村興溪道路,24.7935,121.375417
小人國主題樂園,"24°49'55.52"",121°11'9.78""",桃園市,龍潭區,"24.832083, 121.186056",桃園市龍潭區高原村橫岡下60-2號,24.832083,121.186056
北埔,"24°42'6.26"",121°3'27.07""",新竹縣,北埔鄉,"24.701750, 121.057528",新竹縣北埔鄉中山路20號,24.70175,121.057528
新竹孔廟,"24°48'0.83"",120°58'41.48""",新竹市,東區,"24.800222, 120.978194",新竹市東區公園路289號,24.800222,120.978194
新竹都城隍廟,"24°48'15.48"",120°57'58.14""",新竹市,北區,"24.804306, 120.966139",新竹市北區中山里中山路75號,24.804306,120.966139
竹塹城迎曦門,"24°48'15.19"",120°58'12.90""",新竹市,北區,"24.804222, 120.970250",新竹市北區中山里中正路75號,24.804222,120.97025
十七公里海岸風景區,"24°50'47.83"",120°55'33.20""",新竹市,北區,"24.846611, 120.925889",新竹市北區北起南寮，南至南港,24.846611,120.925889
六福村主題遊樂園,"24°49'32.38"",121°10'50.05""",新竹縣,關西鎮,"24.825667, 121.180583",新竹縣關西鎮仁安里拱子溝60號,24.825667,121.180583
新竹司馬庫斯 覽巨木群訪部落,"24°34'43.46"",121°20'4.06""",新竹市,尖石鄉,"24.578750, 121.334472",新竹縣尖石鄉玉峰村14鄰,24.57875,121.334472
新竹尖石 巨岩山林攬悠閒,"24°34'28.38"",121°18'31.82""",新竹縣,尖石鄉,"24.574556, 121.308833",NA,24.574556,121.308833
三星蔥鄉,24°40'05.4"N 121°39'08.5"E,宜蘭縣,三星鄉,"24.668170, 121.652364",宜蘭縣三星鄉中山路31-27,24.66817,121.652364
天送埤車站,24°39'45.1"N 121°37'11.1"E,宜蘭縣,三星鄉,"24.662540, 121.619757",宜蘭縣三星鄉福山街福山橫巷31-27,24.66254,121.619757
宜蘭太平山,24°29'39.3"N 121°32'05.8"E,宜蘭縣,大同鄉,"24.494252, 121.534936",宜蘭縣大同鄉太平巷58之1號,24.494252,121.534936
宜蘭明池,24°39'03.3"N 121°28'17.4"E,宜蘭縣,大同鄉,"24.650922, 121.471506",宜蘭縣大同鄉明池,24.650922,121.471506
蘭陽田園,24°34'53.7"N 121°36'17.9"E,宜蘭縣,大同鄉,"24.581583, 121.604962",宜蘭縣大同鄉樂水村,24.581583,121.604962
冬山河公園,24°40'13.6"N 121°48'45.8"E,宜蘭縣,五結鄉,"24.670453, 121.812716",NA,24.670453,121.812716
宜蘭傳藝中心,24°41'11.5"N 121°49'30.0"E,宜蘭縣,五結鄉,"24.686536, 121.824998",NA,24.686536,121.824998
冬山車站,24°38'12.4"N 121°47'31.3"E,宜蘭縣,冬山鄉,"24.636764, 121.792023",宜蘭縣冬山鄉中正路1號,24.636764,121.792023
幸福轉運站,24°45'06.3"N 121°45'22.3"E,宜蘭縣,宜蘭市,"24.751750, 121.756194",宜蘭縣宜蘭市宜興路一段117號,24.75175,121.756194
九芎埕舊驛,24°45'19.5"N 121°44'59.6"E,宜蘭縣,宜蘭市,"24.755417, 121.749889",宜蘭縣宜蘭市舊城南路,24.755417,121.749889
宜蘭文學館,24°45'18.3"N 121°44'58.0"E,宜蘭縣,宜蘭市,"24.755083, 121.749444",宜蘭縣宜蘭市19號,24.755083,121.749444
望龍埤,24°46'37.0"N 121°41'57.1"E,宜蘭縣,員山鄉,"24.776944, 121.699194",宜蘭縣員山鄉望龍埤停車場一,24.776944,121.699194
福山植物園,24°45'23.3"N 121°35'40.7"E,宜蘭縣,員山鄉,"24.756472, 121.594639",NA,24.756472,121.594639
烏石港,24°52'14.3"N 121°50'07.4"E,宜蘭縣,頭城鎮,"24.870639, 121.835389",NA,24.870639,121.835389
蘭陽博物館,24°52'07.2"N 121°49'57.9"E,宜蘭縣,頭城鎮,"24.868667, 121.832750",宜蘭縣頭城鎮青雲路三段,24.868667,121.83275
登遊龜山島,24°50'33.5"N 121°57'00.1"E,宜蘭縣,頭城鎮,"24.842639, 121.950028",NA,24.842639,121.950028
頭城老街,24°51'25.1"N 121°49'27.0"E,宜蘭縣,頭城鎮,"24.856972, 121.824167",宜蘭縣頭城鎮和平街頭城老街,24.856972,121.824167
北關海潮,24°54'44.9"N 121°52'39.1"E,宜蘭縣,頭城鎮,"24.912458, 121.877518",宜蘭縣頭城鎮台灣刺桐,24.912458,121.877518
五峰旗瀑布,24°50'03.2"N 121°44'49.2"E,宜蘭縣,礁溪鄉,"24.834229, 121.747007",NA,24.834229,121.747007
礁溪溫泉,24°49'50.3"N 121°46'36.9"E,宜蘭縣,礁溪鄉,"24.830643, 121.776906",宜蘭縣礁溪鄉國父紀念碑,24.830643,121.776906
羅東運動公園,24°40'58.5"N 121°45'11.5"E,宜蘭縣,羅東鎮,"24.682921, 121.753198",宜蘭縣羅東鎮北成里,24.682921,121.753198
南方澳,24°35'13.7"N 121°52'11.6"E,宜蘭縣,蘇澳鎮,"24.587136, 121.869876",宜蘭縣蘇澳鎮跨港路156號,24.587136,121.869876
蘇澳冷泉,24°35'58.3"N 121°50'57.8"E,宜蘭縣,蘇澳鎮,"24.599533, 121.849380",宜蘭縣蘇澳鎮蘇澳冷泉停車場,24.599533,121.84938
南澳鄉野風情,24°27'48.3"N 121°48'03.7"E,宜蘭縣,蘇澳鎮,"24.463412, 121.801018",宜蘭縣蘇澳鎮南強里,24.463412,121.801018
粉鳥林秘境海灘,24°29'49.0"N 121°50'31.3"E,宜蘭縣,蘇澳鎮,"24.496941, 121.842031",NA,24.496941,121.842031
清水地熱,"24°36'43.49"",121°38'10.68""",宜蘭縣,大同鄉,"24.612083, 121.636306",宜蘭縣大同鄉清水村,24.612083,121.636306
三星青蔥文化館,"24°40'5.59"",121°39'8.53""",宜蘭縣,三星鄉,"24.668222, 121.652361",宜蘭縣三星鄉義德村中山路31號,24.668222,121.652361
梅花湖風景區,"24°38'42.29"",121°43'51.49""",宜蘭縣,冬山鄉,"24.645083, 121.730972",宜蘭縣冬山鄉得安村環湖路1號,24.645083,121.730972
羅東夜市,"24°40'37.24"",121°46'4.69""",宜蘭縣,羅東鎮,"24.677000, 121.767972",宜蘭縣羅東鎮民生路、民權路、公園,24.677,121.767972
國立傳統藝術中心,"24°41'11.87"",121°49'30.18""",宜蘭縣,宜蘭市,"24.686639, 121.825056",宜蘭縣五結鄉五濱路二段201號,24.686639,121.825056
幾米主題廣場,"24°45'8.64"",121°45'24.55""",宜蘭縣,宜蘭市,"24.752389, 121.756833",宜蘭縣宜蘭市和睦里光復路1號,24.752389,121.756833
宜蘭設治紀念館,"24°45'19.37"",121°44'58.38""",宜蘭縣,宜蘭市,"24.755389, 121.749556",宜蘭縣宜蘭市舊城南路力行3巷3號,24.755389,121.749556
林美石磐步道,"24°49'21.29"",121°44'8.16""",宜蘭縣,礁溪鄉,"24.822583, 121.735611",宜蘭縣礁溪鄉林美村,24.822583,121.735611
羅東林業文化園區(羅東林場),"24°41'3.59"",121°46'20.50""",宜蘭縣,羅東鎮,"24.684333, 121.772361",宜蘭縣羅東鎮中正北路118號,24.684333,121.772361
冬山河生態綠舟,"24°38'18.10"",121°47'16.55""",宜蘭縣,冬山鄉,"24.638361, 121.787944",宜蘭縣冬山鄉太和村冬山路二段172號,24.638361,121.787944
仁山植物園,"24°37'31.48"",121°45'30.82""",宜蘭縣,冬山鄉,"24.625417, 121.758556",宜蘭縣冬山鄉中山村新寮路500號,24.625417,121.758556
南方澳漁港,"24°35'7.19"",121°52'18.88""",宜蘭縣,蘇澳鎮,"24.585333, 121.871917",宜蘭縣蘇澳鎮漁港路,24.585333,121.871917
豆腐岬,"24°35'1.93"",121°52'17.18""",宜蘭縣,蘇澳鎮,"24.583861, 121.871444",宜蘭縣蘇澳鎮南方澳漁港東側,24.583861,121.871444
內埤海灣風景區,"24°34'36.70"",121°52'12.94""",宜蘭縣,蘇澳鎮,"24.576861, 121.870250",宜蘭縣蘇澳鎮內埤路(北濱公園旁),24.576861,121.87025
白米社區(白米木屐村),"24°34'53.47"",121°50'45.17""",宜蘭縣,蘇澳鎮,"24.581528, 121.845889",宜蘭縣蘇澳鎮永春路174號,24.581528,121.845889
蘇澳冷泉公園,"24°35'58.49"",121°50'57.77""",宜蘭縣,蘇澳鎮,"24.599583, 121.849389",宜蘭縣蘇澳鎮冷泉路6-4號,24.599583,121.849389
礁溪協天廟,"24°49'6.82"",121°46'8.76""",宜蘭縣,礁溪鄉,"24.818556, 121.769111",宜蘭縣礁溪鄉中山路一段51號,24.818556,121.769111
金車蘭花園,"24°42'51.26"",121°42'0.76""",宜蘭縣,礁溪鄉,"24.714250, 121.700222",宜蘭縣礁溪鄉德陽村奇立丹路103號之1,24.71425,121.700222
台灣菸酒公司宜蘭觀光酒廠(甲子蘭文物館),"24°45'25.09"",121°44'56.76""",宜蘭縣,宜蘭市,"24.756972, 121.749111",宜蘭縣宜蘭市舊城西路3號,24.756972,121.749111
蘭城新月廣場,"24°45'13.43"",121°45'0.36""",宜蘭縣,宜蘭市,"24.753722, 121.750111",宜蘭縣宜蘭市民權路二段38巷6號,24.753722,121.750111
武陵農場,"24.752389, 121.756833",台中市,和平區,"24.355556, 121.312472",台中市和平區平等村武陵路4號,24.355556,121.312472
東門夜市,"24°45'29.05"",121°45'28.73""",宜蘭縣,宜蘭市,"24.758083, 121.757972",宜蘭縣宜蘭市聖後路,24.758083,121.757972
探棲蘭檜木原生林 宜蘭100線林道,"24°35'17.30"",121°26'3.12""",宜蘭縣,大同鄉,"24.588139, 121.434194",宜蘭縣大同鄉英士村林森巷51-1號,24.588139,121.434194
南澳鹿皮溪 溯溪探訪金岳瀑布,"24°28'5.66"",121°45'16.67""",宜蘭縣,南澳鄉,"24.468250, 121.754639",宜蘭縣南澳鄉金岳瀑布,24.46825,121.754639
宜蘭龜山島 探尋海上生態公園,"24°50'37.32"",121°56'58.13""",宜蘭縣,NA,"24.843694, 121.949472",NA,24.843694,121.949472
宜蘭頭城 海陸空樂無窮,"24°51'25.24"",121°49'26.94""",宜蘭縣,頭城鎮,"24.857000, 121.824139",宜蘭縣頭城鎮和平街92號,24.857,121.824139
洄瀾灣風情,23°56'12.0"N 121°35'40.7"E,花蓮縣,吉安鄉,"23.936660, 121.594629",NA,23.93666,121.594629
花蓮慶修院,23°58'25.3"N 121°33'53.0"E,花蓮縣,吉安鄉,"23.973693, 121.564713",NA,23.973693,121.564713
花蓮太魯閣,24°09'19.8"N 121°37'17.8"E,花蓮縣,秀林鄉,"24.155507, 121.621606",花蓮縣秀林鄉中部橫貫公路,24.155507,121.621606
花蓮鐵道園區,23°58'28.7"N 121°36'37.9"E,花蓮縣,花蓮市,"23.974649, 121.610539",花蓮縣花蓮市中山路71號,23.974649,121.610539
六十石山,23°13'19.3"N 121°18'59.6"E,花蓮縣,富里鄉,"23.222022, 121.316550",花蓮縣富里鄉忘憂亭,23.222022,121.31655
七星潭,24°02'18.3"N 121°37'29.1"E,花蓮縣,新城鄉,"24.038409, 121.624750",花蓮縣新城鄉海岸路七星潭,24.038409,121.62475
花蓮落雨松秘境,23°49'47.8"N 121°30'54.5"E,花蓮縣,壽豐鄉,"23.829945, 121.515144",花蓮縣壽豐鄉豐坪路二段2巷201弄88 號,23.829945,121.515144
太魯閣國家公園,"24°11'38.36"",121°29'27.67""",花蓮縣,秀林鄉,"24.194000, 121.491028",花蓮縣秀林鄉,24.194,121.491028
長春祠,"24°9'36.76"",121°36'6.62""",花蓮縣,秀林鄉,"24.160222, 121.601833",花蓮縣秀林鄉,24.160222,121.601833
燕子口,"24°10'25.03"",121°33'49.14""",花蓮縣,秀林鄉,"24.173611, 121.563639",花蓮縣秀林鄉中橫109.9公里處,24.173611,121.563639
布洛灣遊憩區,"24°10'14.74"",121°34'21.50""",花蓮縣,秀林鄉,"24.170750, 121.572639",花蓮縣秀林鄉富世村232-1號,24.17075,121.572639
立德布洛灣山月邨(太魯閣),"24°10'8.36"",121°34'21.00""",花蓮縣,秀林鄉,"24.169000, 121.572500",花蓮縣秀林鄉231-1號太魯閣山月村,24.169,121.5725
秀姑巒溪遊客中心,"23°29'20.08"",121°24'5.29""",花蓮縣,瑞穗鄉,"23.488917, 121.401472",花蓮縣瑞穗鄉中山路三段215號,23.488917,121.401472
長虹橋,"23°28'3.97"",121°29'19.90""",花蓮縣,豐濱鄉,"23.467778, 121.488861",花蓮縣豐濱鄉秀姑巒溪口,23.467778,121.488861
石梯坪,"23°29'0.71"",121°30'41.33""",花蓮縣,豐濱鄉,"23.483528, 121.511472",花蓮縣豐濱鄉港口村,23.483528,121.511472
赤科山(赤柯山),"23°23'23.10"",121°23'42.07""",花蓮縣,玉里鎮,"23.389750, 121.395028",花蓮縣玉里鎮觀音里高寮村,23.38975,121.395028
舞鶴風景區,"23°28'6.38"",121°21'25.45""",花蓮縣,瑞穗鄉,"23.468444, 121.357083",花蓮縣瑞穗鄉舞鶴村舞鶴路,23.468444,121.357083
紅葉溫泉旅社,"23°29'26.74"",121°19'31.19""",花蓮縣,萬榮鄉,"23.490750, 121.325333",花蓮縣萬榮鄉紅葉村188號,23.49075,121.325333
花蓮港濱自行車道,"24°2'3.80"",121°37'37.92""",花蓮縣,花蓮市,"24.034389, 121.627194",花蓮縣花蓮市,24.034389,121.627194
兩潭自行車道,"24°1'43.90"",121°37'48.68""",花蓮縣,花蓮市,"24.028861, 121.630194",花蓮縣花蓮市,24.028861,121.630194
花蓮港,"23°59'19.46"",121°37'46.96""",花蓮縣,花蓮市,"23.988750, 121.629722",花蓮縣花蓮市海岸路6666號,23.98875,121.629722
北濱公園,"23°58'42.31"",121°37'3.72""",花蓮縣,花蓮市,"23.978417, 121.617694",花蓮縣花蓮巿海濱街,23.978417,121.617694
南濱公園,"23°58'1.09"",121°36'32.04""",花蓮縣,花蓮市,"23.966972, 121.608889",花蓮縣花蓮市南濱路,23.966972,121.608889
鯉魚潭,"23°56'6.72"",121°30'25.99""",花蓮縣,壽豐鄉,"23.935194, 121.507222",花蓮縣壽豐鄉池南村,23.935194,121.507222
鯉魚潭自行車道,"23°55'47.64"",121°30'51.26""",花蓮縣,壽豐鄉,"23.929889, 121.514250",花蓮縣壽豐鄉池南村,23.929889,121.51425
七星柴魚博物館,"24°1'37.63"",121°37'45.16""",花蓮縣,新城鄉,"24.027111, 121.629222",花蓮縣新城鄉大漢村七星街148號,24.027111,121.629222
立川漁場,"23°51'53.32"",121°31'19.88""",花蓮縣,壽豐鄉,"23.864806, 121.522194",花蓮縣壽豐鄉共和村魚池路45號,23.864806,121.522194
瑞穗牧場,"23°28'45.34"",121°20'45.46""",花蓮縣,瑞穗鄉,"23.479250, 121.345972",花蓮縣瑞穗鄉舞鶴村6鄰157號,23.47925,121.345972
羅山遊憩區(羅山有機村),"23°10'58.98"",121°17'31.88""",花蓮縣,富里鄉,"23.183056, 121.292194",花蓮縣富里鄉羅山村,23.183056,121.292194
池上大波池,"23°7'14.05"",121°13'21.29""",花蓮縣,池上鄉,"23.120583, 121.222583",台東縣池上鄉,23.120583,121.222583
伯朗大道,"23°5'55.79"",121°12'45.36""",花蓮縣,池上鄉,"23.098833, 121.212611",台東縣池上鄉錦新三號道路,23.098833,121.212611
武陵綠色隧道,"22°57'34.13"",121°7'31.08""",花蓮縣,鹿野鄉,"22.959472, 121.125306",台東縣鹿野鄉,22.959472,121.125306
鹿野高台,"22°54'59.40"",121°7'17.72""",花蓮縣,鹿野鄉,"22.916500, 121.121583",台東縣鹿野鄉高台路46巷,22.9165,121.121583
花蓮文化創意產業園區(舊花蓮酒廠),"23°58'34.25"",121°36'16.38""",花蓮縣,花蓮市,"23.976194, 121.604556",花蓮縣花蓮市中華路144號,23.976194,121.604556
松園別館,"23°58'58.30"",121°36'55.80""",花蓮縣,花蓮市,"23.982861, 121.615500",花蓮縣花蓮市松園街65號(原水源街26號),23.982861,121.6155
東大門夜市,"23°58'26.22"",121°36'39.74""",花蓮縣,花蓮市,"23.973944, 121.611028",花蓮縣花蓮市重慶路與福町路口,23.973944,121.611028
雲山水,"23°49'37.06"",121°30'51.26""",花蓮縣,壽豐鄉,"23.826972, 121.514250",花蓮縣壽豐鄉豐坪路二段42-2號,23.826972,121.51425
兆豐農場,"23°48'7.38"",121°27'46.98""",花蓮縣,鳳林鎮,"23.802056, 121.463056",花蓮縣鳳林鎮永福街20號,23.802056,121.463056
花蓮林田山 漾日式風情,"23°43'3.32"",121°23'55.64""",花蓮縣,鳳林鎮,"23.717583, 121.398778",花蓮縣鳳林鎮,23.717583,121.398778
花蓮太魯閣 縱橫峽谷遊步道,"24°11'38.40"",121°29'27.67""",花蓮縣,秀林鄉,"24.194000, 121.491028",花蓮縣秀林鄉富世291號,24.194,121.491028
清水斷崖,"24°13'10.49"",121°41'20.83""",花蓮縣,秀林鄉,"24.219583, 121.689111",花蓮縣秀林鄉蘇花公路,24.219583,121.689111
花蓮富源森林遊樂區 觀瀑賞蝶泡暖湯,"23°34'59.52"",121°22'0.08""",花蓮縣,瑞穗鄉,"23.583194, 121.366694",花蓮縣瑞穗鄉,23.583194,121.366694
花蓮 銅門龍澗 探峽谷尋魚蹤,"24°0'14.15"",121°25'37.99""",花蓮縣,NA,"23.259111, 121.171500",NA,23.259111,121.1715
花蓮溯溪 清水溪 難易任君遊．砂婆礑 恰堪 探秘境,"23°15'32.83"",121°10'17.44""",花蓮縣,NA,"23.259111, 121.171500",NA,23.259111,121.1715
台東鐵花村,22°45'12.3"N 121°08'41.8"E,台東縣,台東市,"22.753427, 121.144949",台東縣台東市鐵花路鐵花村,22.753427,121.144949
小野柳風光,22°47'43.0"N 121°11'43.7"E,台東縣,台東市,"22.795277, 121.195465",NA,22.795277,121.195465
台東三仙台,23°07'34.7"N 121°25'17.8"E,台東縣,成功鎮,"23.126303, 121.421621",台東縣成功鎮三仙台,23.126303,121.421621
石雨傘海濱,23°10'38.3"N 121°24'12.0"E,台東縣,成功鎮,"23.177300, 121.403325",台東縣成功鎮石雨傘風景區,23.1773,121.403325
池上風光,23°05'55.6"N 121°12'45.4"E,台東縣,池上鄉,"23.098779, 121.212602",台東縣池上鄉池上伯朗大道,23.098779,121.212602
關山田野,23°02'31.4"N 121°10'15.0"E,台東縣,關山鎮,"23.042061, 121.170844",台東縣關山鎮關山環鎮自行車道,23.042061,121.170844
太麻里(金針花的故鄉),"22°38'57.70"",120°58'42.17""",台東縣,太麻里,"22.649361, 120.978389",台東縣太麻里,22.649361,120.978389
綠島遊客服務中心,"22°40'19.24"",121°28'6.35""",台東縣,綠島鄉,"22.672000, 121.468444",台東縣綠島鄉南寮村298號,22.672,121.468444
綠島南寮港,"22°39'35.53"",121°28'28.31""",台東縣,綠島鄉,"22.659861, 121.474528",台東縣綠島鄉,22.659861,121.474528
綠島石朗潛水區,"22°39'20.99"",121°28'28.34""",台東縣,綠島鄉,"22.655833, 121.474528",台東縣綠島鄉,22.655833,121.474528
綠島帆船鼻,"22°38'7.55"",121°30'24.98""",台東縣,綠島鄉,"22.635444, 121.506944",台東縣綠島鄉,22.635444,121.506944
綠島小長城,"22°39'39.20"",121°30'24.52""",台東縣,綠島鄉,"22.660889, 121.506806",台東縣綠島鄉,22.660889,121.506806
睡美人與哈巴狗岩,"22°39'14.54"",121°30'25.85""",台東縣,綠島鄉,"22.654028, 121.507194",台東縣綠島鄉南寮村,22.654028,121.507194
綠島海參坪,"22°39'29.66"",121°30'17.75""",台東縣,綠島鄉,"22.658250, 121.504944",台東縣綠島鄉東方,22.65825,121.504944
綠島柚子湖,"22°39'58.86"",121°30'32.58""",台東縣,綠島鄉,"22.666361, 121.509056",台東縣綠島鄉,22.666361,121.509056
朝日溫泉,"22°38'13.49"",121°30'15.05""",台東縣,綠島鄉,"22.637083, 121.504194",台東縣綠島鄉公館村溫泉路167號,22.637083,121.504194
綠島大白沙,"22°38'17.77"",121°29'38.80""",台東縣,綠島鄉,"22.638278, 121.494111",台東縣綠島鄉,22.638278,121.494111
綠島觀音洞,"22°40'17.72"",121°30'23.26""",台東縣,綠島鄉,"22.671583, 121.506472",台東縣綠島鄉,22.671583,121.506472
綠島人權紀念公園,"22°40'31.87"",121°29'39.80""",台東縣,綠島鄉,"22.675528, 121.494389",台東縣綠島鄉公館村,22.675528,121.494389
綠島將軍岩,"22°40'34.46"",121°29'42.65""",台東縣,綠島鄉,"22.676250, 121.495194",台東縣綠島鄉,22.67625,121.495194
綠島牛頭山,"22°40'36.62"",121°30'26.14""",台東縣,綠島鄉,"22.676833, 121.507250",台東縣綠島鄉,22.676833,121.50725
綠島燈塔,"22°40'36.05"",121°27'58.03""",台東縣,綠島鄉,"22.676694, 121.466111",台東縣綠島鄉,22.676694,121.466111
三仙台,"23°7'34.32"",121°25'18.05""",台東縣,成功鎮,"23.126194, 121.421694",臺東縣成功鎮三仙里基翬路,23.126194,121.421694
泰源幽谷,"22°58'37.78"",121°18'15.66""",台東縣,東河鄉,"22.977167, 121.304361",台東縣東河鄉東河村,22.977167,121.304361
都蘭遺址,"22°53'5.75"",121°13'10.34""",台東縣,東河鄉,"22.884944, 121.219528",台東縣東河鄉都蘭村,22.884944,121.219528
水往上流,"22°52'4.87"",121°13'14.81""",台東縣,東河鄉,"22.868028, 121.220778",台東縣東河鄉都蘭村,22.868028,121.220778
知本溫泉,"22°41'35.16"",121°1'5.23""",台東縣,卑南鄉,"22.693111, 121.018111",台東縣卑南鄉溫泉村龍泉路,22.693111,121.018111
台東森林公園(黑森林),"22°45'48.82"",121°9'30.02""",台東縣,台東市,"22.763556, 121.158333",台東縣台東市中山路與馬亨亨大道交叉口附近,22.763556,121.158333
利吉月世界(利吉惡地),"22°48'52.49"",121°8'18.60""",台東縣,卑南鄉,"22.814583, 121.138500",台東縣卑南鄉利吉村(過利吉大橋即抵),22.814583,121.1385
關山環鎮自行車道,"23°2'31.60"",121°10'15.06""",台東縣,關山鎮,"23.042111, 121.170861",台東縣關山鎮,23.042111,121.170861
池上大坡池風景區,"23°7'14.12"",121°13'21.29""",台東縣,池上鄉,"23.120583, 121.222583",台東縣池上鄉,23.120583,121.222583
靜浦北回歸線,"23°27'5.08"",121°29'46.43""",花蓮縣,豐濱鄉,"23.451417, 121.496222",花蓮縣豐濱鄉,23.451417,121.496222
八仙洞,"23°23'49.99"",121°28'36.05""",台東縣,長濱鄉,"23.397222, 121.476694",台東縣長濱鄉水母丁1號之4,23.397222,121.476694
石雨傘,"23°10'38.35"",121°24'12.02""",台東縣,成功鎮,"23.177333, 121.403333",台東縣成功鎮三仙台,23.177333,121.403333
知本國家森林遊樂區,"22°41'18.02"",120°59'28.28""",台東縣,卑南鄉,"22.688333, 120.991194",台東縣卑南鄉溫泉村龍泉路290號,22.688333,120.991194
都蘭灣,"22°52'0.48"",121°13'15.92""",台東縣,東河鄉,"22.866806, 121.221083",台東縣東河鄉,22.866806,121.221083
台東卑南遺址 窺千年智慧光華,"22°47'29.47"",121°7'11.35""",台東縣,台東市,"22.791528, 121.119833",台東縣台東市文化公園路200號,22.791528,121.119833
台東近黃溫泉 浸淫溪畔三溫暖,"22°30'53.60"",120°51'14.69""",台東縣,NA,"22.514889, 120.854083",NA,22.514889,120.854083
南橫嘉明湖 山中蔚藍寶石,"23°7'31.58"",120°42'33.80""",高雄市,桃源區,"23.125444, 120.709389",高雄市桃源區高中里,23.125444,120.709389
台東栗松 絕美野溪溫泉精采呈現,"23°11'52.66"",121°2'13.92""",台東縣,海端鄉,"23.197972, 121.037194",台東縣海端鄉,23.197972,121.037194
蘭嶼 體驗達悟族生活,"22°3'25.92"",121°32'14.53""",台東縣,蘭嶼鄉,"22.057194, 121.537361",台東縣蘭嶼鄉東清村,22.057194,121.537361
嘎日爾曼峽谷 蘭嶼探秘境,"22°1'44.04"",121°32'21.12""",台東縣,蘭嶼鄉,"22.028889, 121.539194",台東縣蘭嶼鄉紅頭村,22.028889,121.539194
山川琉璃吊橋,22°42'29.9"N 120°39'11.6"E,屏東縣,三地門,"22.708306, 120.653221",屏東縣三地門鄉中正路一段56號,22.708306,120.653221
屏東海生館,22°02'45.8"N 120°41'56.1"E,屏東縣,車城鄉,"22.046067, 120.698906",屏東縣車城鄉後灣路2號,22.046067,120.698906
墾丁風光,21°56'56.7"N 120°46'48.5"E,屏東縣,恆春鎮,"21.949074, 120.780144",屏東縣恆春鎮汽車停車場,21.949074,120.780144
恆春古城,22°00'12.2"N 120°44'36.6"E,屏東縣,恆春鎮,"22.003391, 120.743490",台灣屏東縣恆春鎮福德路中山路,22.003391,120.74349
鵝鑾鼻,21°54'14.9"N 120°51'02.4"E,屏東縣,恆春鎮,"21.904147, 120.850668",屏東縣恆春鎮燈塔路251號,21.904147,120.850668
萬巒鄉情美食,22°34'26.0"N 120°34'07.9"E,屏東縣,萬巒鄉,"22.573890, 120.568854",屏東縣萬巒鄉民和路1-4號,22.57389,120.568854
鵝鑾鼻公園,"21°54'13.93"",120°51'12.60""",屛東縣,恆春鎮,"21.903861, 120.853500",屏東縣恆春鎮鵝鑾里鵝鑾路301號,21.903861,120.8535
墾丁國家公園,"21°56'56.65"",120°46'48.61""",屛東縣,恆春鎮,"21.949083, 120.780167",屏東縣恆春鎮公園路596號,21.949083,120.780167
琅嶠城門(恆春古城),"22°0'12.92"",120°44'36.67""",屛東縣,恆春鎮,"22.003583, 120.743528",屏東縣恆春鎮,22.003583,120.743528
關山落日,"21°57'52.78"",120°43'6.53""",屛東縣,恆春鎮,"21.964667, 120.718472",屏東縣恒春鎮,21.964667,120.718472
四重溪溫泉,"22°5'39.98"",120°44'52.04""",屛東縣,車城鄉,"22.094444, 120.747778",屏東縣車城鄉溫泉村,22.094444,120.747778
石門古戰場,"22°6'45.18"",120°45'41.29""",屛東縣,車城鄉,"22.112556, 120.761472",屏東縣車城鄉與牡丹鄉交界,22.112556,120.761472
車城福安宮,"22°4'16.14"",120°42'39.60""",屛東縣,車城鄉,"22.071139, 120.711000",屏東縣車城鄉福安村福安路51號,22.071139,120.711
國立海洋生物博物館,"22°2'45.85"",120°41'56.08""",屛東縣,車城鄉,"22.046083, 120.698917",屏東縣車城鄉後灣村後灣路2號,22.046083,120.698917
南灣遊憩區,"21°57'33.91"",120°45'44.10""",屛東縣,恒春鎮,"21.959417, 120.762250",屏東縣恒春鎮南灣里南灣路223號,21.959417,120.76225
墾丁海水浴場(大灣),"21°57'33.91"",120°45'44.10""",屛東縣,恒春鎮,"21.959417, 120.762250",屏東縣恒春鎮大灣海濱,21.959417,120.76225
小灣海水浴場,"21°56'29.58"",120°48'16.78""",屛東縣,恒春鎮,"21.941556, 120.804667",屏東縣恒春鎮,21.941556,120.804667
風吹沙,"21°56'49.92"",120°50'19.57""",屛東縣,恒春鎮,"21.947194, 120.838778",屏東縣恆春鎮屏佳公路中點,21.947194,120.838778
出火特別景觀區(恆春出火),"22°0'29.95"",120°45'27.32""",屛東縣,恒春鎮,"22.008333, 120.757583",屏東縣恆春鎮和興路,22.008333,120.757583
墾丁牧場,"21°56'42.79"",120°48'7.70""",屛東縣,恒春鎮,"21.945222, 120.802139",屏東縣恒春鎮墾丁里牧場路1號,21.945222,120.802139
社頂自然公園,"21°57'25.09"",120°49'5.34""",屛東縣,恒春鎮,"21.956972, 120.818139",屏東縣恒春鎮,21.956972,120.818139
龍磐公園,"21°55'30.14"",120°50'50.24""",屛東縣,恒春鎮,"21.925028, 120.847278",屏東縣恒春鎮佳鵝公路(鵝鑾鼻與風吹沙之間),21.925028,120.847278
後壁湖遊艇碼頭,"21°56'46.75"",120°44'35.84""",屛東縣,恒春鎮,"21.946333, 120.743278",東縣恒春鎮,21.946333,120.743278
屏東東港碼頭,22°28'5.71"N 120°26'41.49"E,屛東縣,東港鎮,"22.468250, 120.444861",屏東東港鎮朝隆路,22.46825,120.444861
白沙尾漁港,"22°21'11.63"",120°22'59.34""",屛東縣,琉球鄉,"22.353222, 120.383139",屏東縣琉球鄉,22.353222,120.383139
花瓶岩,"22°21'20.52"",120°22'50.70""",屛東縣,琉球鄉,"22.355694, 120.380750",NA,22.355694,120.38075
美人洞風景區,"22°21'12.96"",120°22'23.56""",屛東縣,琉球鄉,"22.353611, 120.373222",屏東縣琉球鄉環島公路,22.353611,120.373222
山豬溝風景區,"22°20'18.60"",120°21'44.89""",屛東縣,琉球鄉,"22.338500, 120.362472",屏東縣琉球鄉環島公路,22.3385,120.362472
蛤板灣風景區,"22°20'4.63"",120°21'36.79""",屛東縣,琉球鄉,"22.334611, 120.360222",屏東縣琉球鄉,22.334611,120.360222
烏鬼洞風景區,"22°19'48.72"",120°21'20.88""",屛東縣,琉球鄉,"22.330194, 120.355806",屏東縣琉球鄉,22.330194,120.355806
厚石群礁區,"22°19'32.63"",120°21'57.74""",屛東縣,琉球鄉,"22.325722, 120.366028",屏東縣琉球鄉,22.325722,120.366028
龍蝦洞,"22°20'51.43"",120°23'18.06""",屛東縣,琉球鄉,"22.347611, 120.388361",東縣琉球鄉溪福村環島公路,22.347611,120.388361
紅毛港文化園區,"22°33'4.46"",120°19'5.30""",屛東縣,小港區,"22.551250, 120.318139",高雄市小港區南星路2808號,22.55125,120.318139
衛武營都會公園,"22°37'26.11"",120°20'13.96""",屛東縣,鳳山區,"22.623917, 120.337222",高雄市鳳山區新強里15鄰輜汽路281號,22.623917,120.337222
恆春機場,22°2'24.13"N 120°44'0.42"E,屛東縣,恆春鎮,"22.040028, 120.733444",屏東縣恆春鎮仁壽里10鄰省北路二段393號,22.040028,120.733444
墾丁大尖山風景區,21°57'40.47"N 120°47'47.32"E,屛東縣,恆春鎮,"21.961250, 120.796472",屏東縣恆春鎮范禮安環山牧路,21.96125,120.796472
墾丁大街,21°56'45.47"N 120°47'33.33"E,屛東縣,恆春鎮,"21.945972, 120.792583",屏東縣恆春鎮墾丁路,21.945972,120.792583
屏東三地門 探訪原鄉老技藝,"22°43'1.31"",120°39'17.14""",屏東縣,三地門鄉,"22.717028, 120.654750",屏東縣三地門鄉,22.717028,120.65475
屏東三地門三川琉璃吊橋,"22°42'36.94"",120°39'12.49""",屏東縣,瑪家鄉,"22.710250, 120.653472",屏東縣瑪家鄉山川琉璃吊橋,22.71025,120.653472
屏東觀音鼻 原始海岸揭秘,"22°12'24.30"",120°53'41.89""",屏東縣,牡丹鄉,"22.206750, 120.894972",屏東縣牡丹鄉,22.20675,120.894972
屏東老七佳 追尋排灣族百年石板屋,"22°25'47.39"",120°37'39.76""",屏東縣,枋寮鄉,"22.429833, 120.627722",屏東縣枋寮鄉七佳,22.429833,120.627722
屏東門馬羅山 徜徉青青草原,"22°0'13.75"",120°47'41.42""",屏東縣,滿州鄉,"22.003833, 120.794833",屏東縣滿州鄉,22.003833,120.794833
墾丁南仁湖 窺探生態寶庫,"22°5'10.10"",120°51'50.76""",屏東縣,滿州鄉,"22.086139, 120.864111",屏東縣滿州鄉南仁湖,22.086139,120.864111
義大世界,22°43'46.3"N 120°24'23.1"E,高雄市,大樹區,"22.729539, 120.406412",高雄市大樹區學城路一段12號,22.729539,120.406412
佛光山佛陀紀念館,22°45'21.3"N 120°26'43.1"E,高雄市,大樹區,"22.755928, 120.445302",高雄市大樹區手信坊,22.755928,120.445302
蓮池潭,22°41'06.0"N 120°17'44.3"E,高雄市,左營區,"22.684990, 120.295629",NA,22.68499,120.295629
田寮月世界,22°53'09.8"N 120°23'20.3"E,高雄市,田寮區,"22.886042, 120.388981",高雄市田寮區月球路34號,22.886042,120.388981
草衙道,22°34'57.0"N 120°19'45.0"E,高雄市,前鎮區,"22.582496, 120.329162",高雄市前鎮區中山四路100號,22.582496,120.329162
美濃風情,22°53'35.4"N 120°30'50.3"E,高雄市,美濃區,"22.893167, 120.513967",高雄市美濃區中山路二段421巷80號,22.893167,120.513967
澄清湖,22°39'12.3"N 120°20'58.2"E,高雄市,鳥松區,"22.653407, 120.349487",高雄市鳥松區澄清湖,22.653407,120.349487
光之芎頂,22°37'53.2"N 120°18'07.0"E,高雄市,新興區,"22.631435, 120.301950",高雄市新興區中山一路115號,22.631435,120.30195
西子灣英國領事館,22°37'07.9"N 120°16'00.7"E,高雄市,鼓山區,"22.618870, 120.266869",高雄市鼓山區桃源里,22.61887,120.266869
打狗鐵道故事館,22°37'18.3"N 120°16'32.0"E,高雄市,鼓山區,"22.621736, 120.275542",高雄市鼓山區麗興里,22.621736,120.275542
愛河之心,22°39'09.9"N 120°18'11.3"E,高雄市,三民區,"22.652743, 120.303150",NA,22.652743,120.30315
舊打狗驛,22°37'18.3"N 120°16'31.9"E,高雄市,鼓山區,"22.621736, 120.275531",NA,22.621736,120.275531
西子灣哨船碼頭,22°37'11.2"N 120°16'12.0"E,高雄市,鼓山區,"22.619767, 120.270011",高雄市鼓山區維生里,22.619767,120.270011
情人觀景台,22°37'32.0"N 120°16'26.4"E,高雄市,鼓山區,"22.625544, 120.273985",高雄市鼓山區忠義路30號,22.625544,120.273985
高雄燈塔,22°36'56.0"N 120°15'52.9"E,高雄市,旗津區,"22.615563, 120.264704",高雄市旗津區旗下巷34號,22.615563,120.264704
鳳山懷舊之旅,22°37'38.3"N 120°21'33.1"E,高雄市,鳳山區,"22.627304, 120.359185",高雄市鳳山區鳳明街66號,22.627304,120.359185
鳳山濕地公園,22°37'39.3"N 120°21'52.2"E,高雄市,鳳山區,"22.627593, 120.364486",高雄市鳳山區光遠路222號,22.627593,120.364486
大東文化藝術中心,22°37'27.5"N 120°21'44.8"E,高雄市,鳳山區,"22.624306, 120.362437",高雄市鳳山區大東一路1號,22.624306,120.362437
鳳儀書院,22°37'40.0"N 120°21'34.1"E,高雄市,鳳山區,"22.627768, 120.359476",高雄市鳳山區中正路129巷1弄8號,22.627768,120.359476
駁二藝術特區,22°37'12.0"N 120°16'53.9"E,高雄市,鹽埕區,"22.619992, 120.281646",高雄市鹽埕區大勇路1號,22.619992,120.281646
真愛碼頭,22°37'06.8"N 120°17'21.8"E,高雄市,鹽埕區,"22.618546, 120.289386",高雄市鹽埕區真愛碼頭,22.618546,120.289386
西子灣風景區,"22°37'4.84"",120°15'57.85""",高雄市,鼓山區,"22.618000, 120.266083",高雄市鼓山區蓮海路,22.618,120.266083
夢時代購物中心,"22°35'42.90"",120°18'24.34""",高雄市,前鎮區,"22.595250, 120.306750",高雄市前鎮區中華五路789號,22.59525,120.30675
三鳳中街,"22°38'15.79"",120°17'40.13""",高雄市,三民區,"22.637722, 120.294472",高雄市三民區三鳳中街,22.637722,120.294472
彪琥台灣鞋故事館,"22°39'13.14"",120°18'49.72""",高雄市,三民區,"22.653639, 120.313806",高雄市三民區民族一路335巷43-1號,22.653639,120.313806
愛河之心(如意湖),"22°39'9.97"",120°18'11.38""",高雄市,三民區,"22.652778, 120.303167",高雄市三民區博愛一路和同盟一路、二路口,22.652778,120.303167
美濃,"22°54'1.76"",120°32'22.02""",高雄市,美濃區,"22.900500, 120.539444",高雄市美濃區合和里美中路260號,22.9005,120.539444
中正湖(美濃湖),"22°54'25.13"",120°33'8.42""",高雄市,美濃區,"22.906972, 120.552333",高雄市美濃區民權路,22.906972,120.552333
美濃客家文物館,"22°54'41.29"",120°33'27.22""",高雄市,美濃區,"22.911472, 120.557556",高雄市美濃區民族路49之3號,22.911472,120.557556
旗山老街,"22°53'15.86"",120°28'55.16""",高雄市,旗山區,"22.887750, 120.482000",高雄市旗山區中山路,22.88775,120.482
五龍山鳳山寺,"22°52'5.48"",120°29'22.",高雄市,旗山區,"22.868194, 120.489444",高雄市旗山區東昌里南寮巷37號,22.868194,120.489444
高雄義大世界,"22°43'52.03"",120°24'32.36""",高雄市,大樹區,"22.731111, 120.409000",高雄市大樹區學城路一段10號,22.731111,120.409
打狗英國領事館,"22°37'8.54"",120°15'58.43""",高雄市,鼓山區,"22.619028, 120.266222",高雄市鼓山區蓮海路20號,22.619028,120.266222
城市光廊,"22°37'23.23"",120°17'56.04""",高雄市,前金區,"22.623111, 120.298889",高雄市前金區中華三路6號,22.623111,120.298889
愛河,"22°37'36.37"",120°17'16.22""",高雄市,鹽埕區,"22.626778, 120.287833",高雄市鹽埕區中正四路,22.626778,120.287833
六合觀光夜市,"22°37'55.70"",120°17'56.98""",高雄市,前金區,"22.632139, 120.299167",高雄市前金區六合路,22.632139,120.299167
玫瑰聖母堂,"22°37'13.33"",120°17'29.83""",高雄市,前金區,"22.620361, 120.291611",高雄市前金區五福三路151號,22.620361,120.291611
蓮池潭自行車道,"22°40'48.61"",120°17'53.84""",高雄市,左營區,"22.680167, 120.298278",高雄市左營區,22.680167,120.298278
高雄孔廟(左營),"22°41'21.66"",120°17'56.80""",高雄市,左營區,"22.689361, 120.299111",高雄市左營區尾北里,22.689361,120.299111
春秋閣,"22°40'56.35"",120°17'33.83""",高雄市,左營區,"22.682333, 120.292722",高雄市左營區蓮潭路36號,22.682333,120.292722
新堀江,"22°37'23.99"",120°18'6.84""",高雄市,新興區,"22.623333, 120.301889",高雄市新興區新堀江商圈,22.623333,120.301889
旗津風景區,"22°36'7.20"",120°16'25.32""",高雄市,旗津區,"22.602000, 120.273694",高雄市旗津區復興里,22.602,120.273694
旗津風車公園,"22°35'24.07"",120°17'1.79""",高雄市,旗津區,"22.590028, 120.283833",高雄市旗津區旗津風車公園停車場,22.590028,120.283833
旗津天后宮,"22°36'48.35"",120°16'6.35""",高雄市,旗津區,"22.613444, 120.268444",高雄市旗津區旗下里,22.613444,120.268444
高雄內門宋江陣 民俗藝陣 虎虎生風,"22°55'3.29"",120°27'20.38""",高雄市,內門區,"22.917583, 120.455667",高雄市內門區中正路115巷2-12,22.917583,120.455667
茂林紫蝶幽谷 紫斑蝶漫天飛舞,"22°53'8.95"",120°39'20.56""",高雄市,茂林區,"22.885833, 120.655722",高雄市茂林區情人谷聯絡道路,22.885833,120.655722
高雄燕巢 滾滾泥漿,"22°47'45.89"",120°24'21.49""",高雄市,燕巢區,"22.796083, 120.405972",高雄市燕巢區深水段183之8號,22.796083,120.405972
七股鹽山,23°09'15.0"N 120°05'60.0"E,台南市,七股區,"23.154175, 120.099988",台南市七股區鹽埕里66號,23.154175,120.099988
台南孔廟,22°59'25.8"N 120°12'15.5"E,台南市,中西區,"22.990500, 120.204308",台南市中西區永華里,22.9905,120.204308
府城孔廟町,22°59'24.2"N 120°12'18.6"E,台南市,中西區,"22.990056, 120.205177",台南市中西區府中街127-125,22.990056,120.205177
赤崁樓,22°59'51.1"N 120°12'09.1"E,台南市,中西區,"22.997520, 120.202535",台南市中西區赤嵌里,22.99752,120.202535
台南林百貨,22°59'30.5"N 120°12'08.9"E,台南市,中西區,"22.991792, 120.202463",台南市中西區永福里,22.991792,120.202463
台灣文學館,22°59'31.3"N 120°12'16.1"E,台南市,中西區,"22.992026, 120.204470",台南市中西區中正路1號,22.992026,120.20447
神農老街,22°59'51.2"N 120°11'47.3"E,台南市,中西區,"22.997557, 120.196484",台南市中西區神農街,22.997557,120.196484
延平郡王祠,22°59'15.2"N 120°12'30.9"E,台南市,中西區,"22.987563, 120.208591",台南市中西區延平郡王祠(開山路),22.987563,120.208591
奇美博物館,22°56'04.6"N 120°13'33.7"E,台南市,仁德區,"22.934600, 120.226016",台南市仁德區文華路二段66號,22.9346,120.226016
台南都會公園,22°56'07.8"N 120°13'17.3"E,台南市,仁德區,"22.935504, 120.221475",NA,22.935504,120.221475
井仔腳風光,23°15'34.5"N 120°06'28.7"E,台南市,北門區,"23.259581, 120.107967",NA,23.259581,120.107967
東隆宮王船,23°14'19.5"N 120°06'40.5"E,台南市,北門區,"23.238762, 120.111246",NA,23.238762,120.111246
瓦鹽鹽田,23°15'34.5"N 120°06'28.6"E,台南市,北門區,"23.259571, 120.107956",NA,23.259571,120.107956
南鯤鯓,23°17'10.0"N 120°08'35.2"E,台南市,北門區,"23.286116, 120.143114",台南市北門區鯤江里976號,23.286116,120.143114
台南公園,23°00'07.7"N 120°12'42.1"E,台南市,北區,"23.002144, 120.211683",台南市北區北門路二段60號,23.002144,120.211683
白河賞蓮,23°21'49.2"N 120°24'45.1"E,台南市,白河區,"23.363652, 120.412538",台南市白河區大德街,23.363652,120.412538
林初埤木棉花道,23°22'41.4"N 120°24'35.8"E,台南市,白河區,"23.378173, 120.409943",台南市白河區玉豐里林初埤白河,23.378173,120.409943
台南運河,22°59'54.9"N 120°09'50.2"E,台南市,安平區,"22.998575, 120.163941",台南市安平區安平路75巷22弄17-21,22.998575,120.163941
億載金城,22°59'20.8"N 120°09'36.2"E,台南市,安平區,"22.989119, 120.160049",台南市安平區光州路,22.989119,120.160049
安平古堡,23°00'05.6"N 120°09'38.1"E,台南市,安平區,"23.001549, 120.160592",台南市安平區國勝路82號,23.001549,120.160592
德記洋行,23°00'12.6"N 120°09'35.2"E,台南市,安平區,"23.003486, 120.159773",台南市安平區古堡街108號,23.003486,120.159773
安平樹屋,23°00'11.8"N 120°09'34.3"E,台南市,安平區,"23.003273, 120.159516",NA,23.003273,120.159516
安平劍獅,22°59'56.0"N 120°10'05.3"E,台南市,安平區,"22.998889, 120.168133",台南市安平區安北路6號,22.998889,120.168133
安平漁港老街,23°00'02.8"N 120°09'42.4"E,台南市,安平區,"23.000777, 120.161770",台南市安平區延平街117-105,23.000777,120.16177
四草綠色隧道,23°01'10.8"N 120°08'10.0"E,台南市,安南區,"23.019674, 120.136120",台南市安南區,23.019674,120.13612
鹿耳門,23°02'14.9"N 120°07'27.9"E,台南市,安南區,"23.037483, 120.124417",台南市安南區媽祖宮一街136號,23.037483,120.124417
台南移民署知事官邸,22°59'33.9"N 120°12'48.2"E,台南市,東區,"22.992752, 120.213383",台南市東區衛民街一號,22.992752,120.213383
台南文創園區,22°59'56.6"N 120°12'46.0"E,台南市,東區,"22.999066, 120.212786",NA,22.999066,120.212786
巴克禮紀念公園,22°58'19.1"N 120°13'24.3"E,台南市,東區,"22.971963, 120.223422",台南市東區中華東路三段377巷,22.971963,120.223422
藍晒圖文創園區,22°59'13.7"N 120°11'50.4"E,台南市,南區,"22.987141, 120.197324",台南市南區西門路一段,22.987141,120.197324
無米樂菁寮老街,23°22'44.9"N 120°20'09.0"E,台南市,後壁區,"23.379151, 120.335845",NA,23.379151,120.335845
土溝彩繪農村,23°22'27.4"N 120°23'15.7"E,台南市,後壁區,"23.374279, 120.387681",台南市後壁區南90鄉道,23.374279,120.387681
福奧百年製麵,23°07'47.8"N 120°17'41.7"E,台南市,善化區,"23.129943, 120.294922",台南市善化區民生路433-421,23.129943,120.294922
關廟麵,22°57'43.7"N 120°19'55.2"E,台南市,關廟區,"22.962138, 120.332009",關廟區中正路653號,22.962138,120.332009
鹽水八角樓,23°19'12.0"N 120°16'02.2"E,台南市,鹽水區,"23.320001, 120.267285",NA,23.320001,120.267285
橋南老街,23°18'57.2"N 120°16'04.0"E,台南市,鹽水區,"23.315889, 120.267776",台南市鹽水區橋南街54號,23.315889,120.267776
鹽水蜂炮,23°18'40.9"N 120°16'16.2"E,台南市,鹽水區,"23.311352, 120.271159",台南市鹽水區南門路,23.311352,120.271159
土城正統鹿耳門聖母廟,"23°4'4.01"",120°7'38.93""",台南市,安南區,"23.067778, 120.127472",台南市安南區城安路160號,23.067778,120.127472
台江國家公園(台江生態文化園區),"23°0'12.96"",120°8'8.16""",台南市,安南區,"23.003611, 120.135611",NA,23.003611,120.135611
億載金城(二鯤身砲台),"22°59'16.62"",120°9'33.30""",台南市,安平區,"22.987944, 120.159250",台南市安平區光州路3號,22.987944,120.15925
安平港國家歷史風景區,"23°0'1.44"",120°9'40.93""",台南市,安平區,"23.000389, 120.161361",台南市安平區安平路790號,23.000389,120.161361
安平開台天后宮,"23°0'2.45"",120°9'38.48""",台南市,安平區,"23.000694, 120.160694",台南市安平區國勝路33號,23.000694,120.160694
白河蓮花產業文化資訊館,"23°22'52.00"",120°24'59.87""",台南市,白河區,"23.381111, 120.416639",台南市白河區玉豐里22號之10,23.381111,120.416639
白河水庫,"23°21'13.03"",120°28'22.76""",台南市,白河區,"23.353611, 120.473000",台南市白河區仙草里1-18號,23.353611,120.473
火山碧雲寺,"23°19'31.01"",120°28'51.10""",台南市,白河區,"23.325278, 120.480861",台南市白河區仙草里火山路1號,23.325278,120.480861
水火同源,"23°19'18.08"",120°29'1.36""",台南市,白河區,"23.321694, 120.483722",台南市白河區關嶺里水火洞,23.321694,120.483722
關子嶺溫泉(關子嶺風景區),"23°20'16.98"",120°30'20.16""",台南市,白河區,"23.338056, 120.505611",台南市白河區關嶺里東北方枕頭山頂,23.338056,120.505611
西拉雅國家風景區,"23°21'17.64"",120°28'18.80""",台南市,白河區,"23.354889, 120.471889",台南市白河區仙草里仙草1-1號,23.354889,120.471889
寶來溫泉,"23°6'26.75"",120°41'55.25""",台南市,六龜區,"23.107444, 120.698694",高雄市六龜區寶來里台20線81k,23.107444,120.698694
甲仙化石館,"23°5'31.99"",120°35'17.77""",台南市,甲仙區,"23.092222, 120.588278",高雄市甲仙區和安村四德巷10號之10,23.092222,120.588278
烏山頭水庫風景區(珊瑚潭),"23°12'31.10"",120°21'50.72""",台南市,官田區,"23.208639, 120.364083",台南市官田區與六甲鄉交界處,23.208639,120.364083
四草砲台,"23°1'8.54"",120°8'6.68""",台南市,安南區,"23.019028, 120.135194",台南市安南區四草里顯草街一段381號,23.019028,120.135194
四草大眾廟,23°1'10.00"N 120°8'6.50"E,台南市,安南區,"23.019444, 120.135139",台南市安南區大眾街360號,23.019444,120.135139
七股潟湖,"23°8'5.03"",120°3'54.50""",台南市,七股區,"23.134722, 120.065139",台南市七股區,23.134722,120.065139
鹿耳門天后宮,"23°2'14.10"",120°7'27.41""",台南市,安南區,"23.037250, 120.124278",台南市安南區顯草街三段1巷236號,23.03725,120.124278
台南大天后宮,"22°59'48.01"",120°12'5.54""",台南市,中西區,"22.996667, 120.201528",台南市中西區永福路二段227巷18號,22.996667,120.201528
火山大仙寺,"23°20'22.06"",120°28'27.30""",台南市,白河區,"23.339472, 120.474250",台南市白河區1號白河大仙寺,23.339472,120.47425
梅嶺風景區,"23°10'55.20"",120°33'0.25""",台南市,楠西區,"23.182000, 120.550083",台南市楠西區灣丘里,23.182,120.550083
曾文水庫,"23°18'9.25"",120°35'17.81""",嘉義縣,大埔鄉,"23.302583, 120.588278",嘉義縣大埔鄉和台南縣楠西鄉交界處,23.302583,120.588278
烏樹林休閒園區,23°19'43.55"N 120°22'25.46"E,台南市,後壁鄉,"23.328778, 120.373750",台南縣後壁鄉烏林村184號,23.328778,120.37375
南鯤鯓代天府,"23°17'10.10"",120°8'35.30""",台南市,北門區,"23.286139, 120.143139",台南市北門區鯤江里976號,23.286139,120.143139
學甲慈濟宮,"23°14'1.46"",120°10'49.80""",台南市,學甲區,"23.233750, 120.180500",台南市學甲區濟生路170號,23.23375,120.1805
蕭壠文化園區,"23°10'23.63"",120°10'45.23""",台南市,佳里區,"23.173222, 120.179222",台南市佳里區六安里六安130號,23.173222,120.179222
台江國家公園(台江生態文化園區,"23°0'8.82"",120°8'19.28""",台南市,安南區,"23.002444, 120.138694",台南市安南區大眾街,23.002444,120.138694
安平老街(延平老街),"23°0'2.81"",120°9'42.41""",台南市,安平區,"23.000778, 120.161778",台南市安平區延平街,23.000778,120.161778
台南 南化關山林 山林溪壑別有洞天,"23°9'50.51"",120°35'19.14""",台南市,南化區,"23.164028, 120.588639",台南市南化區關山里,23.164028,120.588639
大地谷,"23°7'42.96"",120°33'48.13""",台南市,南化區,"23.128611, 120.563361",台南市南化區大地谷,23.128611,120.563361
嘉義鐵道藝術村,23°28'52.8"N 120°26'29.7"E,嘉義市,西區,"23.481321, 120.441584",嘉義市西區北興街37之10號,23.481321,120.441584
射日塔,23°28'52.8"N 120°28'08.8"E,嘉義市,東區,"23.481326, 120.469101",嘉義市東區金龍街,23.481326,120.469101
黃金風鈴木,23°27'37.1"N 120°27'30.6"E,嘉義市,東區,"23.460316, 120.458509",嘉義市東區吳鳳南路547巷,23.460316,120.458509
檜意森活村,23°29'08.5"N 120°27'16.3"E,嘉義市,東區,"23.485705, 120.454534",NA,23.485705,120.454534
嘉義故宮南院,23°28'11.7"N 120°17'35.6"E,嘉義縣,太保市,"23.469925, 120.293213",嘉義縣太保市故宮南院停車場,23.469925,120.293213
北回歸線天文館,23°27'17.4"N 120°25'03.9"E,嘉義縣,水上鄉,"23.454824, 120.417756",嘉義縣水上鄉,23.454824,120.417756
高跟鞋教堂,23°22'40.4"N 120°08'55.4"E,嘉義縣,布袋鎮,"23.377889, 120.148730",嘉義縣布袋鎮海興街6號高跟鞋教堂,23.377889,120.14873
好美里3D彩繪村,23°20'08.8"N 120°08'16.1"E,嘉義縣,布袋鎮,"23.335778, 120.137817",嘉義縣布袋鎮 好美里停車場,23.335778,120.137817
民雄古厝,23°32'01.9"N 120°24'09.9"E,嘉義縣,民雄鄉,"23.533856, 120.402750",嘉義縣民雄鄉田中央 劉家古厝,23.533856,120.40275
嘉義熊大庄,23°31'19.6"N 120°25'41.8"E,嘉義縣,民雄鄉,"23.522115, 120.428281",嘉義縣民雄鄉工業二路17號,23.522115,120.428281
竹崎天空走廊,23°31'29.5"N 120°32'55.1"E,嘉義縣,竹崎鄉,"23.524856, 120.548628",嘉義縣竹崎鄉中正路96號,23.524856,120.548628
奮起湖,23°30'12.8"N 120°41'42.0"E,嘉義縣,竹崎鄉,"23.503556, 120.695007",NA,23.503556,120.695007
東石蚵鄉,23°27'15.6"N 120°08'22.9"E,嘉義縣,東石鄉,"23.454319, 120.139701",嘉義縣東石鄉彩霞大道,23.454319,120.139701
阿里山,23°30'32.6"N 120°48'07.6"E,嘉義縣,阿里山鄉,"23.509061, 120.802102",嘉義縣阿里山鄉 阿里山遊樂園入口,23.509061,120.802102
梅山太平雲梯,23°33'34.4"N 120°36'04.8"E,嘉義縣,梅山鄉,"23.559549, 120.601333",嘉義縣梅山鄉小客車停車場,23.559549,120.601333
梅山太平老街,23°33'38.0"N 120°36'10.9"E,嘉義縣,梅山鄉,"23.560568, 120.603024",嘉義縣梅山鄉太平村太平老街,23.560568,120.603024
新港奉天宮,23°33'24.3"N 120°20'52.4"E,嘉義縣,新港鄉,"23.556747, 120.347891",嘉義縣新港鄉新民路53號,23.556747,120.347891
板頭藝術村,23°33'55.2"N 120°19'14.6"E,嘉義縣,新港鄉,"23.565324, 120.320709",嘉義縣新港鄉板頭村1鄰板頭厝45-2號,23.565324,120.320709
集集綠色隧道,"23°50'13.20"",120°43'40.19""",南投縣,集集鎮,"23.837000, 120.727831",南投縣集集鎮草嶺巷投152線,23.837,120.727831
集集火車站,"23°49'35.62"",120°47'5.64""",南投縣,集集鎮,"23.826556, 120.784889",南投縣集集鎮民生路75號,23.826556,120.784889
明新書院,"23°49'39.11"",120°47'58.70""",南投縣,集集鎮,"23.827528, 120.799639",南投縣集集鎮東昌巷4號,23.827528,120.799639
車埕,"23°50'1.00"",120°51'59.36""",南投縣,水里鄉,"23.833611, 120.866500",南投縣水里鄉,23.833611,120.8665
東埔帝綸溫泉渡假大飯店,"23°33'41.00"",120°55'36.66""",南投縣,信義鄉,"23.561389, 120.926861",南投縣信義鄉東埔溫泉開高巷86號,23.561389,120.926861
東埔溫泉,"23°33'41.98"",120°55'51.53""",南投縣,信義鄉,"23.561667, 120.930972",南投縣信義鄉,23.561667,120.930972
父不知子斷崖(東埔斷崖),"23°33'24.12"",120°55'57.83""",南投縣,信義鄉,"23.556694, 120.932722",南投縣信義鄉,23.556694,120.932722
夫妻樹,"23°30'44.06"",120°53'27.38""",南投縣,信義鄉,"23.512250, 120.890944",南投縣信義鄉台21線,23.51225,120.890944
塔塔加遊憩區,"23°29'14.96"",120°53'26.48""",南投縣,信義鄉,"23.487500, 120.890694",南投縣信義鄉同富村太平路118號,23.4875,120.890694
阿里山國家森林遊樂區,"23°30'30.64"",120°48'4.14""",嘉義縣,阿里山鄉,"23.508500, 120.801139",嘉義縣阿里山鄉中正村59號,23.5085,120.801139
台灣菸酒公司嘉義觀光酒廠,"23°31'19.96"",120°26'37.50""",嘉義縣,民雄鄉,"23.522222, 120.443750",嘉義縣民雄鄉福樂村中山路4號,23.522222,120.44375
交趾陶館,"23°29'13.56"",120°27'9.07""",嘉義市,嘉義市,"23.487111, 120.452528",嘉義市嘉義市忠孝路275號,23.487111,120.452528
阿里山國家風景區,"23°26'47.62"",120°35'6.97""",嘉義縣,番路鄉,"23.446556, 120.585278",管理處：嘉義縣番路鄉觸口村觸口3-16號,23.446556,120.585278
港坪花卉區(港坪花卉區自行道),"23°28'12.29"",120°25'0.98""",嘉義市,嘉義市,"23.470083, 120.416944",嘉義市世賢路一段,23.470083,120.416944
蘭潭水庫,"23°27'59.36"",120°28'45.26""",嘉義市,東區,"23.466500, 120.479250",嘉義市東區小雅路25號,23.4665,120.47925
嘉義酒廠,"23°31'19.96"",120°26'37.50""",嘉義縣,民雄鄉,"23.522222, 120.443750",嘉義縣民雄鄉福樂村中山路4號,23.522222,120.44375
天長地久橋,"23°26'18.35"",120°36'23.83""",嘉義縣,番路鄉,"23.438444, 120.606611",嘉義縣番路鄉觸口村,23.438444,120.606611
優遊吧斯鄒族文化部落,23°27'51.16"N 120°41'23.25"E,嘉義縣,阿里山鄉,"23.464222, 120.689806",嘉義縣阿里山樂野村4鄰127-2號,23.464222,120.689806
水漾森林 嘉義南投尋遊奇景,"23°34'59.48"",120°48'9.14""",嘉義縣,阿里山鄉,"23.583189, 120.802539",嘉義縣阿里山鄉水漾森林,23.583189,120.802539
嘉義瑞里風景區 探燕子崖蝙蝠洞,"23°32'5.64"",120°39'55.44""",嘉義縣,NA,"23.534900, 120.665400",嘉義縣梅山鄉燕子崖,23.5349,120.6654
口湖烏魚子,23°34'41.2"N 120°09'18.5"E,雲林縣,口湖鄉,"23.578100, 120.155125",雲林縣口湖鄉北興街399-36號,23.5781,120.155125
良作工場,23°38'21.7"N 120°28'00.1"E,雲林縣,大埤鄉,"23.639363, 120.466690",雲林縣大埤鄉豐田路57號,23.639363,120.46669
斗六太平老街,23°42'30.8"N 120°32'30.6"E,雲林縣,斗六市,"23.708568, 120.541826",雲林縣斗六市太平路92號,23.708568,120.541826
菓風巧克力工房,23°42'33.4"N 120°33'48.0"E,雲林縣,斗六市,"23.709274, 120.563323",雲林縣斗六市文化路646巷137號,23.709274,120.563323
斗南他里霧,23°40'26.4"N 120°28'52.8"E,雲林縣,斗南鎮,"23.674008, 120.481325",雲林縣斗南鎮南昌路27號,23.674008,120.481325
雲林偶的家,23°40'02.2"N 120°28'20.2"E,雲林縣,斗南鎮,"23.667270, 120.472267",雲林縣斗南鎮建國三路506號,23.66727,120.472267
北港朝天宮,23°34'04.2"N 120°18'16.7"E,雲林縣,北港鎮,"23.567840, 120.304625",雲林縣北港鎮共榮里,23.56784,120.304625
古坑綠色隧道,23°39'33.7"N 120°32'27.6"E,雲林縣,古坑鄉,"23.659360, 120.540985",雲林縣古坑鄉湳子23之32號,23.65936,120.540985
劍湖山世界,23°37'04.4"N 120°34'44.1"E,雲林縣,古坑鄉,"23.617884, 120.578915",雲林縣古坑鄉646,23.617884,120.578915
西螺甕釀醬油,23°48'08.8"N 120°27'49.7"E,雲林縣,西螺鎮,"23.802448, 120.463793",雲林縣西螺鎮延平路12-46,23.802448,120.463793
西螺風光,23°48'05.4"N 120°27'42.8"E,雲林縣,西螺鎮,"23.801492, 120.461893",雲林縣西螺鎮延平路111-77,23.801492,120.461893
頂溪貓彩繪村,23°43'44.1"N 120°27'46.2"E,雲林縣,虎尾鎮,"23.728908, 120.462830",雲林縣虎尾鎮雲74-1鄉道54-56,23.728908,120.46283
荷苞山咖啡遊憩區,"23°39'19.91"",120°35'34.15""",雲林縣,古坑鄉,"23.655528, 120.592833",雲林縣古坑鄉荷苞山,23.655528,120.592833
華山風景區,"23°35'47.40"",120°35'30.34""",雲林縣,古坑鄉,"23.596500, 120.591750",雲林縣古坑鄉華山村,23.5965,120.59175
雲林布袋戲館(虎尾鎮掌中戲),"23°42'33.66"",120°26'0.85""",雲林縣,虎尾鎮,"23.709361, 120.433583",雲林縣虎尾鎮林森路一段498號,23.709361,120.433583
虎尾社造中心(合同廳舍),"23°42'33.34"",120°26'2.08""",雲林縣,虎尾鎮,"23.709250, 120.433917",雲林縣虎尾鎮公安里林森路一段491號,23.70925,120.433917
雲林故事館(虎尾郡守官邸),"23°42'32.72"",120°25'58.69""",雲林縣,虎尾鎮,"23.709083, 120.432972",雲林縣虎尾鎮林森路一段528號,23.709083,120.432972
興隆毛巾觀光工廠,"23°43'30.11"",120°26'35.41""",雲林縣,虎尾鎮,"23.725028, 120.443167",雲林縣虎尾鎮埒內里84-1號,23.725028,120.443167
頂溪彩繪貓村,"23°43'45.23"",120°27'46.08""",雲林縣,虎尾鎮,"23.729222, 120.462806",雲林縣虎尾鎮中山路56號之1,23.729222,120.462806
太平歷史街區(太平老街),"23°42'30.89"",120°32'30.52""",雲林縣,斗六,"23.708583, 120.541806",雲林縣斗六市太平路圓環至郵局路段,23.708583,120.541806
斗六天主堂,"23°42'30.46"",120°32'37.39""",雲林縣,斗六市,"23.708472, 120.543722",雲林縣斗六市中華路80號,23.708472,120.543722
朝露魚舖觀光工廠,"23°43'3.58"",120°35'33.72""",雲林縣,斗六市,"23.717667, 120.592694",雲林縣斗六市斗工六路6號,23.717667,120.592694
大同醬油黑金釀造館,"23°43'11.50"",120°35'56.04""",雲林縣,斗六市,"23.719861, 120.598900",雲林縣斗六市斗工二路39號,23.719861,120.5989
延平歷史街區(西螺老街),"23°48'5.44"",120°27'42.84""",雲林縣,西螺鎮,"23.801500, 120.461889",雲林縣西螺鎮延平路與大同街交叉口,23.8015,120.461889
西螺戲院,"23°48'4.79"",120°27'48.46""",雲林縣,西螺鎮,"23.801333, 120.463472",雲林縣西螺鎮觀音街2號,23.801333,120.463472
西螺振文書院,"23°47'40.34"",120°27'52.13""",雲林縣,西螺鎮,"23.794528, 120.464472",雲林縣西螺鎮廣福里興農西路6號,23.794528,120.464472
虎尾糖廠,"23°42'15.16"",120°26'10.79""",雲林縣,虎尾鎮,"23.704222, 120.436333",雲林縣虎尾鎮安慶里中山路2號,23.704222,120.436333
雲林劍湖山王子大飯店,23°36'57.09"N 120°34'46.00"E,雲林縣,古坑鄉,"23.615861, 120.579444",雲林縣古坑鄉永光村大湖口67號,23.615861,120.579444
古坑華山文學步道,23°35'35.26"N 120°36'3.22"E,雲林縣,古坑鄉,"23.593139, 120.600889",雲林縣古坑鄉華山村(入口由中華電信旁巷子進入),23.593139,120.600889
樟湖風景區,"23°36'34.38"",120°38'21.48""",雲林縣,古坑鄉,"23.609556, 120.639306",雲林縣古坑鄉樟湖村,23.609556,120.639306
雲林草嶺 萬年峽谷 鬼斧神工磅礡奇景,"23°36'4.50"",120°39'56.59""",雲林縣,古坑鄉,"23.601250, 120.665722",雲林縣古坑鄉草嶺村,23.60125,120.665722
大村田園咖啡,23°59'49.2"N 120°34'08.5"E,彰化縣,大村鄉,"23.996996, 120.569036",彰化縣大村鄉中正東路269巷271弄252號,23.996996,120.569036
雙心池塘,23°59'48.6"N 120°34'38.0"E,彰化縣,大村鄉,"23.996826, 120.577223",彰化縣大村鄉平和社區雙心池塘,23.996826,120.577223
田尾公路花園,23°53'45.9"N 120°31'52.5"E,彰化縣,田尾鄉,"23.896085, 120.531255",彰化縣田尾鄉民族路一段156號,23.896085,120.531255
田尾菁芳園,23°54'23.8"N 120°32'02.4"E,彰化縣,田尾鄉,"23.906608, 120.533999",彰化縣田尾鄉張厝巷72號,23.906608,120.533999
王功夕照,23°58'05.5"N 120°19'27.2"E,彰化縣,芳苑鄉,"23.968187, 120.324233",NA,23.968187,120.324233
興賢書院,23°57'30.3"N 120°34'29.2"E,彰化縣,員林市,"23.958403, 120.574773",彰化县员林镇三民街1號,23.958403,120.574773
鹿港風情,24°03'14.6"N 120°26'13.7"E,彰化縣,鹿港鎮,"24.054064, 120.437139",.彰化縣鹿港鎮景興街 4 號駐車場,24.054064,120.437139
鹿港龍山寺,24°02'51.9"N 120°26'04.9"E,彰化縣,鹿港鎮,"24.047760, 120.434681",NA,24.04776,120.434681
鹿港進士邸,24°03'13.0"N 120°26'09.6"E,彰化縣,鹿港鎮,"24.053600, 120.436003",彰化縣鹿港鎮中山路138號,24.0536,120.436003
桂花巷藝術村,24°03'23.0"N 120°25'50.4"E,彰化縣,鹿港鎮,"24.056385, 120.430656",彰化縣鹿港鎮公園一路與 成功 路 交叉 口,24.056385,120.430656
玻璃廟(護聖宮),24°04'09.4"N 120°23'40.8"E,彰化縣,鹿港鎮,"24.069278, 120.394661",彰化縣鹿港鎮鹿工南四路28號,24.069278,120.394661
溪湖糖廠,23°57'06.6"N 120°28'45.9"E,彰化縣,溪湖鎮,"23.951824, 120.479412",彰化縣溪湖鎮溪湖糖廠停車場一,23.951824,120.479412
溪湖羊肉爐,23°57'27.1"N 120°29'05.3"E,彰化縣,溪湖鎮,"23.957539, 120.484815",彰化縣溪湖鎮長青街17號,23.957539,120.484815
八卦山,24°04'38.9"N 120°32'57.1"E,彰化縣,彰化市,"24.077484, 120.549201",彰化縣彰化市溫泉路,24.077484,120.549201
彰化扇形車庫,24°05'06.8"N 120°32'17.0"E,彰化縣,彰化市,"24.085223, 120.538068",彰化縣彰化市辭修路１８３號,24.085223,120.538068
台灣優格餅乾學院,24°07'33.5"N 120°27'58.6"E,彰化縣,線西鄉,"24.125964, 120.466266",彰化縣線西鄉草豐路501巷5號,24.125964,120.466266
彰化扇型車庫,"24°5'9.64"",120°32'24.61""",彰化縣,彰化市,"24.086000, 120.540167",彰化縣彰化市彰美路一段1號,24.086,120.540167
鹿港文武廟,"24°2'55.97"",120°26'18.46""",彰化縣,鹿港鎮,"24.048889, 120.438472",彰化縣鹿港鎮街尾里青雲路2號,24.048889,120.438472
鹿港民俗文物館,"24°3'14.15"",120°26'11.36""",彰化縣,鹿港鎮,"24.053944, 120.436500",彰化縣鹿港鎮中山路152號,24.053944,120.4365
鹿港老街,"23°58'11.64"",120°19'35.40""",彰化縣,鹿港鎮,"23.969889, 120.326500",彰化縣鹿港鎮瑤林街和埔頭街,23.969889,120.3265
台灣玻璃館,"24°4'7.36"",120°23'41.50""",彰化縣,鹿港鎮,"24.068722, 120.394861",彰化縣鹿港鎮鹿工南四路30號,24.068722,120.394861
大甲鎮瀾宮,"24°20'41.57"",120°37'25.68""",台中市,大甲區,"24.344889, 120.623806",台中市大甲區順天路158號,24.344889,120.623806
港區藝術中心,"24°16'15.31"",120°33'28.08""",台中市,清水區,"24.270917, 120.557806",台中市清水區忠貞路21號,24.270917,120.557806
高美濕地,"24°18'20.52"",120°32'51.54""",台中市,清水區,"24.305694, 120.547639",台中市清水區大甲溪出海口,24.305694,120.547639
台中港,"24°17'36.67"",120°31'15.46""",台中市,梧棲區,"24.293528, 120.520972",台中市梧棲區,24.293528,120.520972
梧棲港觀光漁巿,"24°17'36.67"",120°31'15.46""",台中市,清水區,"24.293528, 120.520972",台中市清水區北堤路30號,24.293528,120.520972
台中港酒店,"24°15'37.12"",120°32'1.46""",台中市,梧棲區,"24.260306, 120.533750",台中市梧棲區大智路二段388號,24.260306,120.53375
鹿港天后宮,"24°3'33.55"",120°25'53.36""",彰化縣,鹿港鎮,"24.059333, 120.431500",彰化縣鹿港鎮玉順里中山路430號,24.059333,120.4315
摸乳巷,"24°3'6.48"",120°25'56.35""",彰化縣,鹿港鎮,"24.051806, 120.432333",彰化縣鹿港鎮菜園路38號,24.051806,120.432333
王功蚵藝文化館,23°58'10.69"N 120°19'35.21"E,彰化縣,芳苑鄉,"23.969639, 120.326444",彰化縣芳苑鄉王功村漁港路900號,23.969639,120.326444
王功漁港(王功漁火碼頭),"23°58'11.64"",120°19'35.40""",彰化縣,芳苑鄉,"23.969889, 120.326500",彰化縣芳苑鄉漁港路,23.969889,120.3265
八卦山風景區,"24°4'42.82"",120°33'20.52""",彰化縣,彰化市,"24.078556, 120.555694",彰化縣彰化市卦山路8-1號,24.078556,120.555694
白蘭氏健康博物館,"24°4'40.51"",120°24'2.66""",彰化縣,鹿港鎮,"24.077917, 120.400750",彰化縣鹿港鎮彰濱工業區鹿工路18號,24.077917,120.40075
合歡山,24°08'32.6"N 121°17'03.0"E,南投縣,仁愛鄉,"24.142374, 121.284173",南投縣仁愛鄉武嶺,24.142374,121.284173
奧萬大森林,23°57'16.5"N 121°10'09.3"E,南投縣,仁愛鄉,"23.954587, 121.169262",南投縣仁愛鄉親愛村,23.954587,121.169262
廬山風情,24°01'22.3"N 121°10'55.0"E,南投縣,仁愛鄉,"24.022856, 121.181947",南投縣仁愛鄉麗廬山莊,24.022856,121.181947
霧社風光,24°01'04.2"N 121°07'44.4"E,南投縣,仁愛鄉,"24.017837, 121.129001",南投縣仁愛鄉中正路,24.017837,121.129001
清境農場,24°03'31.2"N 121°09'50.0"E,南投縣,仁愛鄉,"24.058670, 121.163889",南投縣仁愛鄉清境農場,24.05867,121.163889
杉林溪,23°38'19.7"N 120°47'20.6"E,南投縣,竹山鎮,"23.638815, 120.789060",南投縣竹山鎮,23.638815,120.78906
竹山天梯,23°40'11.6"N 120°44'02.2"E,南投縣,竹山鎮,"23.669875, 120.733934",南投縣竹山鎮大鞍里,23.669875,120.733934
竹山紫南宮,23°49'04.5"N 120°43'21.0"E,南投縣,竹山鎮,"23.817908, 120.722504",南投縣竹山鎮大公街40號557 號,23.817908,120.722504
忘憂森林,23°38'55.1"N 120°47'40.3"E,南投縣,竹山鎮,"23.648630, 120.794526",南投縣竹山鎮溪山路3-25號忘憂森林,23.64863,120.794526
中興新村,23°57'20.8"N 120°41'13.9"E,南投縣,南投市,"23.955782, 120.687180",南投縣南投市光華路6號,23.955782,120.68718
桃米坑紙教堂,23°56'27.6"N 120°55'36.8"E,南投縣,埔里鎮,"23.940998, 120.926884",南投縣埔里鎮,23.940998,120.926884
埔里元首館,23°58'12.5"N 120°55'36.5"E,南投縣,埔里鎮,"23.970147, 120.926792",南投縣埔里鎮中山路四段219號,23.970147,120.926792
廣興紙寮,23°58'37.6"N 120°56'21.8"E,南投縣,埔里鎮,"23.977103, 120.939383",南投縣埔里鎮投73鄉道14,23.977103,120.939383
日月潭,23°51'03.0"N 120°54'07.4"E,南投縣,魚池鄉,"23.850826, 120.902057",南投縣魚池鄉,23.850826,120.902057
九族文化村,23°52'11.5"N 120°56'42.1"E,南投縣,魚池鄉,"23.869848, 120.945033",NA,23.869848,120.945033
溪頭風光,23°40'20.3"N 120°47'47.0"E,南投縣,鹿谷鄉,"23.672307, 120.796380",NA,23.672307,120.79638
溪頭妖怪村,23°40'27.1"N 120°47'45.3"E,南投縣,鹿谷鄉,"23.674196, 120.795904",南投縣鹿谷鄉興產路2-3號,23.674196,120.795904
集集車站,23°49'35.6"N 120°47'05.5"E,南投縣,集集鎮,"23.826564, 120.784869",南投縣集集鎮吳厝里,23.826564,120.784869
牛耳石雕公園(牛耳藝術渡假村),"23°57'56.27"",120°56'35.92""",南投縣,埔里鎮,"23.965639, 120.943306",南投縣埔里鎮南村里中山路四段1-1號,23.965639,120.943306
日月潭國家風景區,"23°51'3.71"",120°54'7.52""",南投縣,魚池鄉,"23.851028, 120.902083",南投縣魚池鄉中山路599號,23.851028,120.902083
拉魯島,"23°51'20.77"",120°54'40.82""",南投縣,魚池鄉,"23.855778, 120.911333",南投縣魚池鄉水社村,23.855778,120.911333
慈恩塔,"23°50'33.43"",120°55'15.13""",南投縣,魚池鄉,"23.842611, 120.920861",南投縣魚池鄉日月村,23.842611,120.920861
玄奘寺,"23°50'52.80"",120°55'2.93""",南投縣,魚池鄉,"23.848000, 120.917472",南投縣魚池鄉日月村,23.848,120.917472
日月潭纜車,"23°51'8.68"",120°56'5.06""",南投縣,魚池鄉,"23.852417, 120.934750",南投縣魚池鄉環湖公路,23.852417,120.93475
惠蓀林場,"24°5'16.62"",121°1'56.57""",南投縣,仁愛鄉,"24.087944, 121.032389",南投縣仁愛鄉新生村山林巷1號,24.087944,121.032389
埔里鯉魚潭,"23°57'50.87"",120°59'53.02""",南投縣,埔里鎮,"23.964139, 120.998056",南投縣埔里鎮,23.964139,120.998056
埔里酒廠,"23°58'7.64"",120°57'37.30""",南投縣,埔里鎮,"23.968778, 120.960361",南投縣埔里鎮中山路三段219號,23.968778,120.960361
鹿谷茶葉文化館,23°44'30.28"N 120°45'24.34"E,南投縣,鹿谷鄉,"23.741750, 120.756750",南投縣鹿谷鄉151縣道233-231,23.74175,120.75675
小半天石馬公園,23°43'36.93"N 120°45'29.40"E,南投縣,鹿谷鄉,"23.726925, 120.758167",鹿谷鄉小半天石馬公園(竹林村光復路174-6號),23.726925,120.758167
竹藝文化館,23°43'33.78"N 120°45'27.52"E,南投縣,鹿谷鄉,"23.726056, 120.757639",台灣南投縣鹿谷鄉光復路174之6號2樓,23.726056,120.757639
德興瀑布,23°42'16.83"N 120°45'5.07"E,南投縣,鹿谷鄉,"23.704667, 120.751417",南投縣鹿谷鄉小半天,23.704667,120.751417
長源圳生態步道,23°43'6.86"N 120°46'16.57"E,南投縣,鹿谷鄉,"23.718583, 120.771278",南投縣鹿谷鄉,23.718583,120.771278
清境小瑞士花園,"24°2'38.51"",121°9'22.97""",南投縣,仁愛鄉,"24.044028, 121.156389",南投縣仁愛鄉大同村定遠新村28號,24.044028,121.156389
紙箱王清境店園區,24°2'38.64"N 121°9'22.75"E,南投縣,仁愛鄉,"24.044056, 121.156333",南投縣546仁愛鄉定遠新村28號(小瑞士花園),24.044056,121.156333
武嶺,"24°8'14.53"",121°16'32.27""",南投縣,仁愛鄉,"24.137361, 121.275639",南投縣仁愛鄉合歡山主峰和東峰間鞍,24.137361,121.275639
台灣菸酒公司埔里觀光酒廠,"23°58'7.64"",120°57'37.30""",南投縣,埔里鎮,"23.968778, 120.960361",南投縣埔里鎮中山路三段219號,23.968778,120.960361
埔里金剛基地,23°58'30.91"N 120°55'26.73"E,南投縣,埔里鎮,"23.975250, 120.924083",南投縣埔里鎮中山路四段200號,23.97525,120.924083
大黑松小倆口元首館,23°58'16.53"N 120°55'40.83"E,南投縣,埔里鎮,"23.971250, 120.928000",南投縣埔里鎮中山路四段219號,23.97125,120.928
桃米生態村,23°56'28.97"N 120°55'37.35"E,南投縣,埔里鎮,"23.941389, 120.927056",埔里鎮桃米里桃米巷52之12號,23.941389,120.927056
二水觀光自行車道,"23°48'52.20"",120°37'2.78""",彰化縣,二水鄉,"23.814500, 120.617444",彰化縣二水鄉,23.8145,120.617444
集集鐵路支線,"23°49'37.24"",120°47'5.42""",南投縣,集集鎮,"23.827000, 120.784833",南投縣集集鎮,23.827,120.784833
南投 梅鋒清境農場 擁綠意覓桃花,"24°3'33.12"",121°9'51.01""",南投縣,仁愛 鄉,"24.059194, 121.164167",南投 縣 仁愛 鄉 仁和 路 170 號,24.059194,121.164167
南投 杉林溪 徜徉綠森林,"23°38'20.15"",120°47'20.72""",南投縣,竹山鎮,"23.638944, 120.789083",南投縣竹山鎮,23.638944,120.789083
太極峽谷 幽深峭壁見雄風,"23°38'53.27"",120°45'5.90""",南投縣,竹山鎮,"23.648139, 120.751639",南投縣竹山鎮大鞍里,23.648139,120.751639
玉山主峰 攀上台灣的屋頂,"23°28'12.22"",120°57'26.57""",南投縣,信義鄉,"23.470056, 120.957389",南投縣信義鄉玉山主峰,23.470056,120.957389
南投信義梅之鄉 驚艷烏松崙 牛稠坑,"23°40'39.29"",120°50'51.18""",南投縣,信義鄉,"23.677583, 120.847556",南投縣信義鄉烏松崙,23.677583,120.847556
坪瀨琉璃光之橋,"23°41'1.00"",120°50'23.89""",南投縣,信義鄉,"23.683611, 120.839972",NA,23.683611,120.839972
南投巴庫拉斯 山居歲月閒適體驗,"23°48'32.47"",121°0'18.86""",南投縣,信義鄉,"23.809028, 121.005250",南投縣信義鄉地利村巴庫拉斯農莊,23.809028,121.00525
集集小鎮 優游綠蔭覓花,"23°50'13.16"",120°43'40.19""",南投縣,名間鄉,"23.837000, 120.727833",南投縣名間鄉磨坑巷12-4號集集綠色隧道,23.837,120.727833
燒陶玩陶 尋訪南投3窯場,"23°49'40.15"",120°45'33.34""",南投縣,集集鎮,"23.827833, 120.759250",南投縣集集鎮,23.827833,120.75925
台中柳川綠川水岸,24°08'32.6"N 120°40'43.7"E,台中市,中區,"24.142398, 120.678794",台中市中區三民路二段第 二 市場 3~6 號,24.142398,120.678794
台中公園,24°08'42.1"N 120°41'03.8"E,台中市,北區,"24.145040, 120.684397",NA,24.14504,120.684397
石岡風情,24°16'26.5"N 120°46'33.3"E,台中市,石岡區,"24.274039, 120.775926",台中市石岡區明德路175號,24.274039,120.775926
麗寶樂園,24°19'19.7"N 120°41'49.5"E,台中市,后里區,"24.322147, 120.697088",台中市后里區麗寶樂園(月眉),24.322147,120.697088
中社觀光花市,24°20'02.4"N 120°43'49.0"E,台中市,后里區,"24.334001, 120.730276",台中市后里區三豐路五段333號,24.334001,120.730276
彩虹眷村,24°08'01.3"N 120°36'35.4"E,台中市,南屯區,"24.133688, 120.609831",NA,24.133688,120.609831
路思義教堂,24°10'44.1"N 120°36'02.0"E,台中市,西屯區,"24.178925, 120.600543",NA,24.178925,120.600543
逢甲夜市,24°10'32.7"N 120°38'45.1"E,台中市,西屯區,"24.175736, 120.645858",台中市西屯區福星路599-565,24.175736,120.645858
國家歌劇院,24°09'45.0"N 120°38'29.6"E,台中市,西屯區,"24.162503, 120.641548",台中市西屯區惠來路二段,24.162503,120.641548
審計新村,24°08'41.2"N 120°39'45.5"E,台中市,西屯區,"24.144772, 120.662643",NA,24.144772,120.662643
台中都會公園,24°12'18.8"N 120°35'55.7"E,台中市,西屯區,"24.205216, 120.598808",台中市西屯區公園南側停車場,24.205216,120.598808
草悟道,24°08'58.0"N 120°39'53.1"E,台中市,西區,"24.149445, 120.664752",台中市西區英才路534號,24.149445,120.664752
台中文學館,24°08'23.0"N 120°40'21.9"E,台中市,西區,"24.139719, 120.672743",台中市西區樂群街38號臺中文學館,24.139719,120.672743
卓蘭大峽谷,24°17'35.1"N 120°49'46.4"E,台中市,東勢區,"24.293076, 120.829556",台中市東勢區田中央,24.293076,120.829556
秋紅谷,24°10'02.0"N 120°38'25.2"E,台中市,西屯區,"24.167208, 120.640321",NA,24.167208,120.640321
豐樂雕塑公園,24°07'55.5"N 120°38'33.7"E,台中市,南屯區,"24.132072, 120.642701",台中市南屯區文心南五路一段330-346,24.132072,120.642701
台中文創園區,24°07'59.0"N 120°40'51.1"E,台中市,南區,"24.133064, 120.680872",台中市南區臺中文化創意產業園區,24.133064,120.680872
老樹根木工坊,24°06'35.4"N 120°39'09.9"E,台中市,南區,"24.109844, 120.652750",台中市南區樹義路63號,24.109844,120.65275
清水荷花古厝,24°17'07.7"N 120°35'16.3"E,台中市,清水區,"24.285484, 120.587854",台中市清水區中山路476號,24.285484,120.587854
梧棲漁港,24°17'36.2"N 120°31'16.1"E,台中市,清水區,"24.293383, 120.521124",台中市清水區梧棲漁港,24.293383,120.521124
東豐綠廊,24°16'18.3"N 120°44'24.6"E,台中市,豐原區,"24.271738, 120.740162",台中市石岡區國道4號線豐原后豐鐵馬道,24.271738,120.740162
霧峰林家花園,24°03'38.4"N 120°42'07.3"E,台中市,霧峰區,"24.060671, 120.702021",台中市霧峰區成功路41號林家花園停車場,24.060671,120.702021
霧峰落雨松秘境,24°00'59.9"N 120°41'13.4"E,台中市,霧峰區,"24.016636, 120.687046",台中市霧峰區北岸路66號霧峰落羽松秘境,24.016636,120.687046
霧峰光復新村,24°02'39.5"N 120°41'43.5"E,台中市,霧峰鄉,"24.044308, 120.695412",台中市霧峰區中華路,24.044308,120.695412
六藝文化館,24°08'04.0"N 120°40'26.0"E,台中市,西區,"24.134448, 120.673878",NA,24.134448,120.673878
自然科博館,24°09'28.9"N 120°40'03.6"E,台中市,北區,"24.158024, 120.667675",NA,24.158024,120.667675
新社古堡花園(新社莊園),"24°11'22.96"",120°48'44.82""",台中市,新社區,"24.189722, 120.812444",台中市新社區協成里協中街65號,24.189722,120.812444
紙箱王創意園區,"24°10'40.48"",120°44'20.72""",台中市,北屯區,"24.177917, 120.739083",台中市北屯區東山路二段2巷2號,24.177917,120.739083
20號倉庫(鐵道藝術),"24°8'9.24"",120°41'7.22""",台中市,東區,"24.135889, 120.685333",台中市東區復興路四段37巷6號之1,24.135889,120.685333
台中文化創意產業園區(舊台中酒廠),"24°7'59.41"",120°40'51.20""",台中市,南區,"24.133167, 120.680889",台中市南區復興路三段362號,24.133167,120.680889
烏日聚奎居(三級古蹟),"24°7'9.73"",120°36'23.40""",台中市,烏日區,"24.133167, 120.680889",台中市烏日區學田路405巷36號,24.133167,120.680889
彩虹眷村(干城六村),"24°8'2.40"",120°36'35.93""",台中市,南屯區,"24.134000, 120.609972",台中市南屯區春安里春安路56巷,24.134,120.609972
台中孔廟,"24°9'16.45"",120°41'23.89""",台中市,東區,"24.154583, 120.689972",台中市東區雙十路二段30號,24.154583,120.689972
台中忠烈祠,"24°9'10.73"",120°41'25.55""",台中市,北區,"24.152972, 120.690444",台中市北區力行路264號,24.152972,120.690444
國立自然科學博物館,"24°9'27.58"",120°40'3.72""",台中市,北區,"24.157667, 120.667694",台中市北區館前路1號,24.157667,120.667694
國立台灣美術館,"24°8'35.38"",120°39'47.27""",台中市,西屯區,"24.143167, 120.663139",台中市西區五權西路一段2號,24.143167,120.663139
台中公園(中山公園),"24°8'33.72"",120°41'6.18""",台中市,中區,"24.142694, 120.685056",台中市中區公園路37-1號,24.142694,120.685056
一中街商圈(一中夜市),"24°9'2.09"",120°41'7.91""",台中市,北區,"24.150583, 120.685528",台中市北區一中街,24.150583,120.685528
經國綠園道,"24°9'4.72"",120°39'49.86""",台中市,西區,"24.151306, 120.663861",台中市西區,24.151306,120.663861
精明一街,"24°9'21.17"",120°39'20.77""",台中市,西區,"24.155889, 120.655778",台中市西區精明一街75號,24.155889,120.655778
后里馬場,"24°17'54.71"",120°43'59.84""",台中市,后里區,"24.298528, 120.733278",台中市后里區廣福村寺山路41號,24.298528,120.733278
后豐鐵馬道,"24°16'18.55"",120°44'25.33""",台中市,豐原區,"24.271833, 120.740361",台中市豐原區,24.271833,120.740361
東豐自行車綠廊,"24°16'20.60"",120°44'27.20""",台中市,石岡區,"24.272389, 120.740889",台中市石岡區,24.272389,120.740889
谷關溫泉,"24°12'14.04"",121°0'24.55""",台中市,和平區,"24.203889, 121.006833",台中市和平區博愛里,24.203889,121.006833
八仙山國家森林遊樂區,"24°11'32.46"",121°0'52.60""",台中市,和平區,"24.192361, 121.014611",台中市和平區東關路一段200號之8,24.192361,121.014611
草悟道美術園道,24°8'24.08"N 120°39'46.52"E,台中市,西區,"24.140028, 120.662917",台中市西區五權西三街、五權西四街,24.140028,120.662917
台中水湳機場,24°10'34.84"N 120°39'27.85"E,台中市,西屯區,"24.176333, 120.657750",台中市河南路二段136號,24.176333,120.65775
大湖酒莊,"24°25'44.69"",120°52'6.20""",台中市,大湖鄉,"24.429083, 120.868389",苗栗縣大湖鄉富興村9鄰八寮灣2-4號,24.429083,120.868389
魚藤坪斷橋(龍騰斷橋),"24°21'30.71"",120°46'25.82""",台中市,三義鄉,"24.358528, 120.773833",苗栗縣三義鄉龍騰村,24.358528,120.773833
福容大飯店-麗寶樂園,"24°19'26.18"",120°41'47.44""",台中市,后里區,"24.323944, 120.696500",台中市后里區福容路88號,24.323944,120.6965
麗寶樂園(原月眉育樂世界),"24°19'28.60"",120°42'3.13""",台中市,后里區,"24.324611, 120.700861",台中市后里區福容路8號,24.324611,120.700861
月眉觀光糖廠,"24°18'51.62"",120°41'40.02""",台中市,后里區,"24.314333, 120.694444",台中市后里區甲后路864號,24.314333,120.694444
穿越黑森林 雪山圈谷 登高觀生態,"24°23'18.85"",121°14'11.11""",台中市,和平區,"24.388583, 121.236417",台中市和平區雪山圈谷,24.388583,121.236417
台中武陵農場 覓花海暢享森林浴,"24°20'52.51"",121°18'35.75""",台中市,和平區,"24.347917, 121.309944",NA,24.347917,121.309944
梨山賞水果花 百花爭妍美不勝收,"24°15'17.03"",121°15'4.03""",台中市,和平區,"24.254722, 121.251111",NA,24.254722,121.251111
東勢林場 探美麗森林,"24°17'7.12"",120°52'3.54""",台中市,東勢區,"24.285306, 120.867639",彰化縣東勢區勢林街6號之1農會東勢林場,24.285306,120.867639
勝興車站,24°23'17.3"N 120°46'55.4"E,苗栗縣,三義鄉,"24.388128, 120.782046",苗栗縣三義鄉苗49鄉道,24.388128,120.782046
龍騰斷橋,24°21'28.0"N 120°46'22.5"E,苗栗縣,三義鄉,"24.357764, 120.772927",苗栗縣三義鄉龍騰斷橋遺址南斷橋,24.357764,120.772927
佛頂山,24°24'20.6"N 120°46'43.0"E,苗栗縣,三義鄉,"24.405711, 120.778623",苗栗縣三義鄉雙潭村雙連潭108號,24.405711,120.778623
三義木雕,24°24'21.4"N 120°45'39.5"E,苗栗縣,三義鄉,"24.405947, 120.760973",苗栗縣三義鄉廣盛村,24.405947,120.760973
三義鴨箱寶,24°24'42.8"N 120°46'30.1"E,苗栗縣,三義鄉,"24.411876, 120.775013",苗栗縣三義鄉,24.411876,120.775013
3D彩繪天梯,24°24'50.0"N 120°46'14.1"E,苗栗縣,三義鄉,"24.413888, 120.770583",苗栗縣三義鄉光復路建中國小3D彩繪階梯,24.413888,120.770583
綠葉方舟,24°23'18.4"N 120°46'43.7"E,苗栗縣,三義鄉,"24.388448, 120.778807",苗栗縣三義鄉勝興村,24.388448,120.778807
勝興客家村,24°23'18.3"N 120°46'55.3"E,苗栗縣,三義鄉,"24.388411, 120.782028",苗栗縣三義鄉 阿興手工麻糬,24.388411,120.782028
大湖採草莓,24°26'26.3"N 120°52'21.5"E,苗栗縣,大湖鄉,"24.440631, 120.872647",苗栗縣大湖鄉八寮灣33之11號,24.440631,120.872647
苗栗天空之城,24°20'53.9"N 120°46'42.1"E,苗栗縣,大湖鄉,"24.348311, 120.778355",苗栗縣大湖鄉新開村十份33號,24.348311,120.778355
雪霸國家公園,24°26'56.3"N 120°52'49.2"E,苗栗縣,大湖鄉,"24.448966, 120.880326",苗栗縣大湖鄉大湖,24.448966,120.880326
宜蘭梅花湖,24°38'34.2"N 121°43'58.9"E,宜蘭縣,冬山鄉,"24.642842, 121.733028",宜蘭縣冬山鄉梅花湖,24.642842,121.733028
南庄老街,24°35'57.6"N 120°59'57.4"E,苗栗縣,南庄鄉,"24.599332, 120.999279",苗栗縣南庄鄉,24.599332,120.999279
苗栗客家圓樓,24°36'12.8"N 120°49'23.9"E,苗栗縣,後龍鎮,"24.603547, 120.823305",苗栗縣後龍鎮校椅里7鄰新港三路295號,24.603547,120.823305
苗栗英才書院,24°36'31.5"N 120°48'57.4"E,苗栗縣,後龍鎮,"24.608735, 120.815938",苗栗縣後龍鎮新港三路700號,24.608735,120.815938
後龍好望角,24°36'07.1"N 120°43'52.4"E,苗栗縣,後龍鎮,"24.601965, 120.731231",苗栗縣後龍鎮後龍鎮半天寮休閒文化園區,24.601965,120.731231
清安豆腐街,24°26'50.7"N 120°54'21.6"E,苗栗縣,泰安鄉,"24.447402, 120.906005",苗栗縣泰安鄉苗62鄉道,24.447402,120.906005
苗栗汶水老街,24°27'22.8"N 120°52'35.2"E,苗栗縣,獅潭鄉,"24.456337, 120.876451",苗栗縣獅潭鄉汶水老街停車場,24.456337,120.876451
銅鑼杭菊,24°28'14.4"N 120°46'35.3"E,苗栗縣,銅鑼鄉,"24.470655, 120.776469",苗栗縣銅鑼鄉九湖村,24.470655,120.776469
七里香玫瑰森林,24°36'00.3"N 120°53'06.8"E,苗栗縣,頭屋鄉,"24.600085, 120.885222",苗栗縣頭屋鄉明德路226號台灣 號 雅聞,24.600085,120.885222
華陶窯,"24°22'47.78"",120°42'20.88""",苗栗縣,苑裡鎮,"24.379944, 120.705806",苗栗縣苑裡鎮南勢里31號,24.379944,120.705806
藺草文化館,"24°24'52.02"",120°41'8.27""",苗栗縣,苑裡鎮,"24.414444, 120.685639",苗栗縣苑裡鎮灣麗路99號,24.414444,120.685639
山腳國小日治後期宿舍群,"24°25'2.57"",120°41'9.17""",苗栗縣,苑裡鎮,"24.417389, 120.685889",苗栗縣苑裡鎮舊社里47號,24.417389,120.685889
東里家風,"24°26'34.69"",120°40'4.69""",苗栗縣,苑裡鎮,"24.442972, 120.667972",苗栗縣苑裡鎮苑坑里2鄰8號,24.442972,120.667972
挑柴古道,"24°23'13.88"",120°46'56.93""",苗栗縣,三義鄉,"24.387194, 120.782472",苗栗縣三義鄉勝興村勝興車站旁,24.387194,120.782472
西湖渡假村,"24°23'26.84"",120°45'34.31""",苗栗縣,三義鄉,"24.390778, 120.759528",苗栗縣三義鄉西湖村西湖11號,24.390778,120.759528
苗栗客家文化園區,"24°27'45.18"",120°46'11.86""",苗栗縣,銅鑼鄉,"24.462556, 120.769972",苗栗縣銅鑼鄉九湖村銅科南路6號(銅鑼科學園區內),24.462556,120.769972
客家大院(桐花樂活公園),"24°28'16.10"",120°48'4.79""",苗栗縣,銅鑼鄉,"24.471139, 120.801333",苗栗縣銅鑼鄉龍泉15號(桐花公園內),24.471139,120.801333
向天湖巴斯達隘祭典(矮靈祭),"24°35'0.89"",121°2'0.24""",苗栗縣,南庄鄉,"24.583583, 121.033389",苗栗縣南庄鄉東河村向天湖,24.583583,121.033389
南庄(南庄老街),"24°35'56.58"",120°59'57.01""",苗栗縣,南庄鄉,"24.599056, 120.999167",苗栗縣南庄鄉大同路3號,24.599056,120.999167
獅潭仙山,"24°32'30.01"",120°56'53.52""",苗栗縣,獅潭鄉,"24.541667, 120.948194",苗栗縣獅潭鄉與南庄鄉的交界,24.541667,120.948194
飛牛牧場,"24°26'30.12"",120°44'28.72""",苗栗縣,通霄鎮,"24.441694, 120.741306",苗栗縣通霄鎮南和里166號,24.441694,120.741306
南庄老街(桂花巷),"24°35'56.58"",120°59'57.01""",苗栗縣,南庄鄉,"24.599056, 120.999167",苗栗縣南庄鄉東村中正路,24.599056,120.999167
橫龍山古道,"24°29'3.19"",120°57'51.88""",苗栗縣,泰安鄉,"24.484222, 120.964417",苗栗縣泰安鄉,24.484222,120.964417
清安豆腐街(清水老街),"24°26'50.82"",120°54'21.64""",苗栗縣,泰安鄉,"24.447444, 120.906000",苗栗縣泰安鄉清安村洗水坑一帶,24.447444,120.906
苗栗大湖 新興溫泉區泡湯樂,"24°24'30.38"",120°52'3.50""",苗栗縣,大湖鄉,"24.408444, 120.867639",苗栗縣大湖鄉大寮村水頭寮十鄰14號,24.408444,120.867639
石門水庫,24°48'44.2"N 121°14'44.8"E,桃園市,大溪區,"24.812289, 121.245786",桃園市大溪區桃63鄉道,24.812289,121.245786
慈湖,24°50'25.6"N 121°17'35.9"E,桃園市,大溪區,"24.840433, 121.293316",NA,24.840433,121.293316
大溪風光,24°53'06.7"N 121°17'14.9"E,桃園市,大溪區,"24.885189, 121.287477",桃園市大溪區和平路63-33,24.885189,121.287477
小烏來,24°47'26.4"N 121°22'30.6"E,桃園市,復興區,"24.790660, 121.375166",桃園市復興區小烏來瀑布,24.79066,121.375166
角板山,24°48'58.9"N 121°20'56.4"E,桃園市,復興區,"24.816356, 121.348996",桃園市復興區中正路133-1號角板山,24.816356,121.348996
小人國,24°49'53.5"N 121°11'14.2"E,桃園市,龍潭區,"24.831537, 121.187287",桃園市龍潭區小人國園區道路,24.831537,121.187287
龍潭大池,24°51'48.8"N 121°12'34.0"E,桃園市,龍潭區,"24.863557, 121.209449",桃園市龍潭區龍元路137-115,24.863557,121.209449
三坑子,24°50'38.2"N 121°14'52.7"E,桃園市,龍潭區,"24.843935, 121.247979",桃園市龍潭區桃園縣龍潭鄉三坑村5鄰76號,24.843935,121.247979
佛陀世界,24°48'19.8"N 121°14'21.3"E,桃園市,關西鎮,"24.805498, 121.239252",桃園市關西鎮佛陀世界-石門水庫觀景台,24.805498,121.239252
永安竹圍漁港,25°07'01.4"N 121°14'38.8"E,桃園縣,大園區,"25.117055, 121.244116",NA,25.117055,121.244116
百吉林蔭步道,"24°50'9.02"",121°18'8.46""",桃園縣,大溪區,"24.835833, 121.302361",桃園市大溪區復興路一段,24.835833,121.302361
大艽芎古道,"24°49'49.58"",121°17'4.06""",桃園縣,大溪區,"24.830444, 121.284472",桃園市大溪區,24.830444,121.284472
小粗坑古道,"24°48'43.85"",121°13'17.58""",桃園縣,龍潭區,"24.812194, 121.221556",桃園市龍潭區高平村粗坑2鄰,24.812194,121.221556
石門水庫自行車道,"24°50'34.91"",121°14'38.54""",桃園縣,龍潭區,"24.843028, 121.244028",桃園市龍潭區,24.843028,121.244028
大溪老街(和平老街),"24°53'7.98"",121°17'14.96""",桃園縣,大溪區,"24.885556, 121.287500",桃園市大溪區和平路、中山路,24.885556,121.2875
大溪陵寢,"24°50'31.92"",121°17'57.30""",桃園縣,大溪區,"24.842194, 121.299250",桃園市大溪區福安里,24.842194,121.29925
李騰芳古厝,"24°53'27.38"",121°17'44.95""",桃園縣,大溪區,"24.890944, 121.295833",桃園市大溪區月眉里9鄰月眉路15號,24.890944,121.295833
黑松飲料博物館,"24°58'37.92"",121°14'13.42""",桃園縣,中壢區,"24.977194, 121.237056",桃園市中壢區中園路178號,24.977194,121.237056
竹圍漁港,"25°7'0.88"",121°14'38.98""",桃園縣,大園區,"25.116917, 121.244167",桃園市大園區沙崙村,25.116917,121.244167
蘭嶼風情,22°02'41.0"N 121°32'51.3"E,台東縣,蘭嶼鄉,"22.044716, 121.547571",台東縣蘭嶼鄉紅頭村,22.044716,121.547571
綠島之美,22°39'26.5"N 121°28'32.6"E,台東縣,綠島鄉,"22.657349, 121.475716",台東縣綠島鄉綠島,22.657349,121.475716
金門采風,24°26'39.9"N 118°22'17.9"E,金門縣,NA,"24.444413, 118.371631",NA,24.444413,118.371631
馬祖優游,26°09'27.6"N 119°57'22.8"E,連江縣,NA,"26.157674, 119.956321",NA,26.157674,119.956321
戀念澎湖,23°33'53.9"N 119°37'41.1"E,澎湖縣,NA,"23.564969, 119.628069",澎湖縣湖西鄉城北村,23.564969,119.628069
小琉球,22°20'06.5"N 120°22'28.4"E,屏東縣,琉球鄉,"22.335151, 120.374568",屏東縣琉球鄉仁愛路39號琉球新漁港安檢所,22.335151,120.374568
龜山島,24°50'36.7"N 121°56'39.2"E,宜蘭縣,頭城鎮,"24.843525, 121.944233",宜蘭縣頭城鎮龜山島北岸碼頭,24.843525,121.944233
金門 戰地遺址尋風華,"24°28'58.84"",118°19'15.38""",金門縣,NA,"24.483000, 118.320944",林厝村古寧頭戰史館邮政编码: 892,24.483,118.320944
馬祖南北竿 石屋村落覓異國風,"26°9'2.38"",119°56'8.16""",連江縣,NA,"26.150667, 119.935611",NA,26.150667,119.935611
澎湖福朋喜來登酒店,23°33'56.08"N 119°34'41.67"E,澎湖縣,馬公市,"23.565583, 119.578250",澎湖縣馬公市新店路197號,23.565583,119.57825
澎湖跨海大橋,"23°39'28.33"",119°33'16.34""",澎湖縣,白沙鄉,"23.657861, 119.554528",澎湖縣白沙鄉,23.657861,119.554528
通樑古榕,"23°39'23.98"",119°33'25.27""",澎湖縣,白沙鄉,"23.656667, 119.557028",澎湖縣白沙鄉通樑村149號,23.656667,119.557028
西台古堡,"23°33'51.77"",119°29'22.99""",澎湖縣,西嶼鄉,"23.564389, 119.489722",澎湖縣西嶼鄉外垵村,23.564389,119.489722
大菓葉柱狀玄武岩,"23°35'43.94"",119°30'59.00""",澎湖縣,西嶼鄉,"23.595528, 119.516389",澎湖縣西嶼鄉池東村10號,23.595528,119.516389
二崁聚落保存區,"23°36'19.37"",119°31'10.63""",澎湖縣,西嶼鄉,"23.605389, 119.519611",澎湖縣西嶼鄉二崁村,23.605389,119.519611
四眼井,"23°33'54.68"",119°33'53.96""",澎湖縣,馬公市,"23.565194, 119.565000",澎湖縣馬公市中央里中央街40號,23.565194,119.565
澎湖老街(中央老街),"23°33'52.13"",119°33'52.88""",澎湖縣,馬公市,"23.564472, 119.564694",澎湖縣馬公市中央街,23.564472,119.564694
天后宮,"23°33'53.10"",119°33'50.54""",澎湖縣,馬公市,"23.564750, 119.564028",澎湖縣馬公市長安里正義街19號,23.56475,119.564028
觀音亭,"23°34'4.26"",119°33'43.13""",澎湖縣,馬公市,"23.567861, 119.561972",澎湖縣馬公市中興里介壽路7號,23.567861,119.561972
夢想家海景飯店,"23°33'46.40"",119°33'52.02""",澎湖縣,馬公市,"23.562889, 119.564444",澎湖縣馬公市臨海路36之1號,23.562889,119.564444
吉貝嶼,"23°44'18.38"",119°36'45.94""",澎湖縣,白沙鄉,"23.738444, 119.612750",澎湖縣白沙鄉吉貝村187號,23.738444,119.61275
赤崁碼頭,"23°40'3.83"",119°36'11.02""",澎湖縣,白沙鄉,"23.667722, 119.603056",澎湖縣白沙鄉赤崁村,23.667722,119.603056
鯨魚洞,"23°39'18.25"",119°31'11.46""",澎湖縣,西嶼鄉,"23.655083, 119.519861",澎湖縣西嶼鄉小門嶼,23.655083,119.519861
馬公市區,23°33'58.74"N 119°33'55.40"E,澎湖縣,馬公市,"23.566306, 119.565389",澎湖縣馬公市中正路,23.566306,119.565389
南海遊客中心,23°34'0.57"N 119°34'22.18"E,澎湖縣,馬公市,"23.566833, 119.572833",澎湖縣馬公市,23.566833,119.572833
澎湖七美南滬港,23°11'38.13"N 119°25'13.08"E,澎湖縣,七美鄉,"23.193917, 119.420306",NA,23.193917,119.420306
七美人塚,"23°11'31.24"",119°25'35.72""",澎湖縣,七美鄉,"23.192000, 119.426583",澎湖縣七美鄉南滬港東南方,23.192,119.426583
七美燈塔,23°11'23.69"N 119°25'41.34"E,澎湖縣,七美鄉,"23.189917, 119.428139",NA,23.189917,119.428139
七美大獅風景區,23°12'3.71"N 119°26'8.12"E,澎湖縣,七美鄉,"23.201028, 119.435583",NA,23.201028,119.435583
七美小台灣,"23°12'18.11"",119°26'33.18""",澎湖縣,七美鄉,"23.205028, 119.442556",澎湖縣七美鄉東湖村,23.205028,119.442556
雙心石滬,"23°13'10.38"",119°26'48.12""",澎湖縣,七美鄉,"23.219556, 119.446694",澎湖縣七美鄉東湖村,23.219556,119.446694
望安潭門港,23°21'43.24"N 119°30'29.97"E,澎湖縣,望安鄉,"23.362000, 119.508333",NA,23.362,119.508333
望安綠蠵龜觀光保育中心,23°21'53.96"N 119°30'25.04"E,澎湖縣,望安鄉,"23.365000, 119.506944",NA,23.365,119.506944
鴛鴦窟,23°22'54.81"N 119°30'25.20"E,澎湖縣,望安鄉,"23.381889, 119.507000",NA,23.381889,119.507
天台山,23°22'53.31"N 119°29'39.90"E,澎湖縣,望安鄉,"23.381472, 119.494417",NA,23.381472,119.494417
中社聚落群(花宅聚落),23°22'15.59"N 119°29'46.24"E,澎湖縣,望安鄉,"23.371000, 119.496167",NA,23.371,119.496167
山水沙灘,23°30'47.60"N 119°35'27.95"E,澎湖縣,馬公市,"23.513222, 119.591111",NA,23.513222,119.591111
嵵裡沙灘,23°31'32.63"N 119°34'2.95"E,澎湖縣,馬公市,"23.525722, 119.567500",NA,23.525722,119.5675
青灣仙人掌公園,"23°31'35.29"",119°33'27.54""",澎湖縣,馬公市,"23.526472, 119.557639",澎湖縣馬公市嵵裡里300號,23.526472,119.557639
北海遊客服務中心,"23°40'7.61"",119°36'12.49""",澎湖縣,白沙鄉,"23.668778, 119.603472",NA,23.668778,119.603472
吉貝石滬文化館,"23°44'18.46"",119°36'45.76""",澎湖縣,白沙鄉,"23.738472, 119.612722",NA,23.738472,119.612722
吉貝海上樂園,"23°44'4.88"",119°36'2.56""",澎湖縣,白沙鄉,"23.734694, 119.600722",澎湖县白沙乡澎湖縣湖西鄉吉貝島,23.734694,119.600722
吉貝沙尾,"23°43'43.36"",119°36'11.34""",澎湖縣,白沙鄉,"23.728722, 119.603139",NA,23.728722,119.603139
達日好民宿,"23°34'26.29"",119°34'35.11""",澎湖縣,馬公市,"23.573972, 119.576417",澎湖縣馬公市朝陽路100巷8之1號,23.573972,119.576417
風櫃,"23°32'16.62"",119°32'37.46""",澎湖縣,馬公市,"23.537944, 119.543750",澎湖縣馬公市風櫃里,23.537944,119.54375
馬公市區(中正路),23°33'58.74"N 119°33'55.40"E,澎湖縣,馬公市,"23.566306, 119.565389",澎湖縣馬公市中正路,23.566306,119.565389
菓葉日出,"23°34'46.45"",119°40'51.24""",澎湖縣,湖西鄉,"23.579583, 119.680889",澎湖縣湖西鄉菓葉村菓葉漁港附近,23.579583,119.680889
奎壁山地質公園,"23°36'5.62"",119°40'17.11""",澎湖縣,湖西鄉,"23.601556, 119.671417",澎湖縣湖西鄉北寮村,23.601556,119.671417
南寮古厝群,"23°35'3.08"",119°40'16.32""",澎湖縣,湖西鄉,"23.584194, 119.671194",澎湖縣湖西鄉南寮村,23.584194,119.671194
馬公市,23°33'58.74"N 119°33'55.40"E,澎湖縣,馬公市,"23.566306, 119.565389",澎湖縣馬公市中正路,23.566306,119.565389
施公祠和萬軍井,23°33'53.59"N 119°33'51.30"E,澎湖縣,馬公市,"23.564889, 119.564250",澎湖縣馬公市惠民路72-80,23.564889,119.56425
順承門,23°33'47.05"N 119°33'44.15"E,澎湖縣,馬公市,"23.563069, 119.562264",NA,23.563069,119.562264
張雨生故事館,23°33'47.79"N 119°33'37.63"E,澎湖縣,馬公市,"23.563278, 119.560444",NA,23.563278,119.560444
潘安邦舊居,23°33'47.58"N 119°33'38.32"E,澎湖縣,馬公市,"23.563222, 119.560639",澎湖縣馬公市新復路1巷4號,23.563222,119.560639
澎湖東台古堡 洋溢希臘風,"23°33'56.34"",119°30'50.62""",澎湖縣,西嶼鄉,"23.565639, 119.514056",澎湖縣西嶼鄉內垵村西嶼東臺,23.565639,119.514056
